,System,TESS source,Cadence [s],Type,RAh,RAm,RAs,Decd,Decm,Decs,Vmag,Kmag,duration,depth,t0,T0err,period,Perioderr,Ephemeris_reference,R_A,R_b,R_b_over_R_A_squared,TIC,TESSMag,SNR,M_A,M_b,a(AU),(m_p/m_s)*(R_s/a)^5,Period(day)
0,CoRoT-01,SPOC,120, TEP  ,6.0,48.0,19.17,-3.0,6.0,7.8,13.6,12.15,0.10439,2.3,2454138.303971,3.6E-05,1.50897655,9E-08,2016MNRAS.459..789T,1.131,1.551,0.0189757201980067,36352297,13.0501,31.6632976858659,0.95,1.03,0.02536,3.97173811024293E-07,1.50897655
2,CoRoT-05,SPOC,120, TEP  ,6.0,45.0,6.54,0.0,48.0,54.9,14.0,12.55,0.117,1.4,2454400.19896,2E-05,4.0379156,1.2E-06,arXiv:1812.01536,1.115,1.256,0.0128035212379416,234112540,13.4831,14.658906117015900,0.99,0.459,0.0495,5.58246539113729E-09,4.0379156
8,EPIC_201498078,SPOC,120, TEP  ,10.0,52.0,7.78,0.0,29.0,36.1,10.61,8.89,0.23,0.3,2457906.83957,0.00049,11.63365,0.0001,arXiv:1806.04073,1.669,0.84,0.00255591131696631,281731203,9.9623,45.6782011444893,1.104,0.179,0.10376,3.62506694934744E-10,11.63365
9,EPIC_211442297,SPOC,120, TEP  ,8.0,26.0,12.83,12.0,16.0,55.0,13.34,11.72,0.1679,1.7,2457157.15701,0.00025,20.273034,3.6E-05,arXiv:1708.07128,0.881,1.114,0.0161331230784464,7020254,12.7462,37.1656195958323,0.831,0.84,0.1367,2.33354100987097E-11,20.273034
11,HAT-P-02,SPOC,120, TEP  ,16.0,20.0,36.36,41.0,2.0,53.1,8.71,7.6,0.1787,0.6,2455288.84969,0.00039,5.6334675,1.3E-06,arXiv:1702.03797,1.68,1.19,0.00506261896267361,39903405,8.27468,186.21373825818800,1.279,8.74,0.0674,1.36517403698666E-07,5.6334675
12,HAT-P-03,SPOC,120, TEP  ,13.0,44.0,22.59,48.0,1.0,43.2,11.86,9.45,0.08646,1.5,2457150.39472,0.00058,2.89973838,2.7E-07,2018A+A...613A..41M,0.85,0.911,0.0115904096179965,311035838,10.7164,90.74119832699140,0.925,0.595,0.03878,6.75664410783136E-09,2.89973838
13,HAT-P-04,SPOC,120, TEP  ,15.0,19.0,57.93,36.0,13.0,46.9,11.0,9.77,0.1775,0.9,2454245.81521,0.0002,3.0565254,1.2E-06,2012PASP..124..212S,1.6,1.337,0.00704567702840723,138294130,10.6506,81.13738125278230,1.271,0.68,0.04465,6.56381248194076E-08,3.0565254
14,HAT-P-05,SPOC,120, TEP  ,18.0,17.0,37.3,36.0,37.0,16.9,12.0,10.48,0.1217,1.5,2455432.4551,0.0001,2.7884736,5.2E-07,2012MNRAS.422.3099S,1.137,1.252,0.0122345390240329,76419763,11.3998,70.3977794661077,1.163,1.06,0.04079,3.18463859094325E-08,2.7884736
16,HAT-P-07,SPOC,120, TEP  ,19.0,28.0,59.36,47.0,58.0,10.3,10.46,9.33,0.1643,0.67,2454954.358557,6E-06,2.20473539,1E-08,arXiv:2103.03259,2.02,1.526,0.00575845809158171,424865156,10.0274,83.1722617519617,1.59,1.87,0.03805,1.02974153385409E-06,2.20473539
18,HAT-P-09,SPOC,120, TEP  ,7.0,20.0,40.48,37.0,8.0,26.2,12.3,11.02,0.143,1.3,2454417.9084,0.0006,3.922814,2E-06,2012NewA...17..438D,1.339,1.38,0.0107175841216651,371234684,11.7946,51.0397556380363,1.28,0.778,0.0529,1.31127674234119E-08,3.922814
19,HAT-P-11,SPOC,120, TEP  ,19.0,50.0,50.25,48.0,4.0,51.1,9.47,7.01,0.098,0.43,2454957.813207,5E-06,4.88780244,3E-08,2017A+A...597A.113H,0.683,0.389,0.0032730879667098300,28230919,8.5077,88.9911772717215,0.802,0.0873,0.05259,8.35079352657717E-11,4.88780244
22,HAT-P-14,SPOC,120, TEP  ,17.0,20.0,27.87,38.0,14.0,31.9,10.0,8.85,0.0907,0.5,2457138.21545,0.00029,4.6276594,1E-06,2016ApJ...819...27F,1.591,1.219,0.0059233437129668700,101721385,9.54417,59.8577506604614,1.418,2.271,0.06108,3.98746483240222E-08,4.6276594000000000
24,HAT-P-16,SPOC,120, TEP  ,0.0,38.0,17.56,42.0,27.0,47.0,10.8,9.55,0.1276,1.0,2455027.59292,0.00019,2.7759704,7E-07,2016PASP..128b4402S,1.158,1.19,0.0106555699931169,191284318,10.374,89.8985403468553,1.216,4.193,0.0413,1.24074928117977E-07,2.7759704
25,HAT-P-17,SPOC,120, TEP  ,21.0,38.0,8.88,30.0,29.0,19.4,10.54,8.54,0.16900000000000000,2.0,2454801.16943,0.0002,10.338523,9E-06,2012ApJ...749..134H,0.838,1.01,0.0146573207749016,266593143,9.7525,292.611304531324,0.857,0.534,0.0882,1.00170031125144E-10,10.338523
26,HAT-P-18,SPOC,120, TEP  ,17.0,5.0,23.28,33.0,0.0,45.0,12.76,10.23,0.1131,1.9,2454715.02254,0.00039,5.5080291,4.2E-06,2015MNRAS.451.4060S,0.717,0.947,0.017601980228759000,21744120,11.733000000000000,69.1235611877763,0.77,0.196,0.0559,1.83485728790868E-10,5.5080291
29,HAT-P-21,SPOC,120, TEP  ,11.0,25.0,5.88,41.0,1.0,40.6,11.69,10.11,0.153,1.1,2454996.41312,0.00069,4.124481,7E-06,2011ApJ...742..116B,1.105,1.024,0.008665133127200510,17993892,11.1065,69.7165665863023,0.947,4.063,0.0494,4.98854271112949E-08,4.1244810000000000
30,HAT-P-22,SPOC,120, TEP  ,10.0,22.0,43.51,50.0,7.0,42.0,9.73,7.84,0.1196,1.5,2456366.08903,0.00025,3.212233,4E-07,arXiv:2012.07478,1.062,1.06,0.0100522337566188,252479260,9.007,270.736863986475,0.936,2.192,0.04171,5.20339196148198E-08,3.2122330000000000
32,HAT-P-24,SPOC,120, TEP  ,7.0,15.0,18.0,14.0,15.0,45.4,11.75,10.54,0.1539,1.2,2455592.76491,0.00023,3.3552454,7E-07,arXiv:2012.07478,1.294,1.243,0.00931051248445596,440777904,11.3072,67.2024128131687,1.186,0.681,0.04641,2.00898256890556E-08,3.3552454
38,HAT-P-30,SPOC,120, TEP  ,8.0,15.0,47.98,5.0,50.0,12.3,10.36,9.15,0.0887,1.3,2455765.63288,0.00018,2.8106019,7E-07,arXiv:2012.07478,1.215,1.34,0.0122731748947484,455135327,9.93908,124.50260311649600,1.242,0.711,0.0419,2.4370222025385E-08,2.8106019
39,HAT-P-31,SPOC,120, TEP  ,18.0,6.0,9.0,26.0,25.0,36.0,11.66,10.08,0.214,0.51,2458169.941,0.0017,5.0052724,6.3E-06,arXiv:1812.05882,1.36,1.07,0.00624582225467669,320798691,11.0269,40.1681414164361,1.218,2.171,0.055,3.42132109905351E-08,5.0052724
41,HAT-P-33,SPOC,120, TEP  ,7.0,32.0,44.2,33.0,50.0,6.2,11.19,10.0,0.1839,1.2,2456035.13775,0.00027,3.47447472,8.8E-07,2017AJ....154...49W,1.637,1.686,0.010703299152162000,239154970,10.7131,106.08082943454000,1.375,0.762,0.0499,4.37213082094795E-08,3.47447472
42,HAT-P-34,SPOC,120, TEP  ,20.0,12.0,46.88,18.0,6.0,17.5,10.16,9.25,0.1455,0.8,2456462.14718,0.00041,5.452647,3.1E-06,arXiv:1812.05882,1.535,1.197,0.00613580322499867,278348461,9.87463,101.652712437446,1.392,3.328,0.0677,2.97469774412788E-08,5.452647
43,HAT-P-35,SPOC,120, TEP  ,8.0,13.0,0.18,4.0,47.0,13.2,12.46,11.03,0.16400000000000000,1.2,2456836.75811,0.00041,3.6466566,1.2E-06,arXiv:1812.05882,1.435,1.332,0.0086936976,455096220,11.8997,47.0122100826879,1.236,1.054,0.0498,3.51750835602249E-08,3.6466566
44,HAT-P-36,SPOC,120, TEP  ,12.0,33.0,3.9,44.0,54.0,55.2,12.26,10.6,0.0923,1.9,2456766.43049,0.00013,1.32734686,2.4E-07,arXiv:2106.02610,1.041,1.304,0.0158326498058377,373693175,11.6281,66.9327184259676,1.03,1.852,0.02388,5.87741015528623E-07,1.32734686
50,HAT-P-42,SPOC,120, TEP  ,9.0,1.0,22.66,6.0,5.0,50.0,12.17,10.63,0.168,0.8,2456036.07987,0.00077,4.6418381,8E-06,arXiv:1812.05882,1.53,1.28,0.00706215035926353,270468559,11.5598,39.763919018664,1.178,1.044,0.0575,2.45455826142143E-08,4.641838100000000
51,HAT-P-43,SPOC,120, TEP  ,8.0,35.0,42.18,10.0,12.0,24.0,13.36,11.76,0.1355,1.7,2456147.34248,0.0003,3.332683,1.9E-06,arXiv:1812.05882,1.103,1.281,0.0136096550203085,468987719,12.7656,32.9175867184795,1.048,0.662,0.0443,1.25503501893666E-08,3.3326830000000000
58,HAT-P-50,SPOC,120, TEP  ,7.0,52.0,15.2,12.0,8.0,21.9,11.76,10.5,0.1531,0.6,2456285.90993,0.00036,3.1220109,6.5E-06,2015AJ....150..168H,1.698,1.288,0.00580572200099612,17746821,11.3155,33.3367933615677,1.273,1.35,0.0453,1.62930725158617E-07,3.1220109000000000
63,HAT-P-55,SPOC,120, TEP  ,17.0,37.0,5.52,25.0,43.0,52.3,13.21,11.63,0.1223,1.8,2456730.83468,0.00027,3.5852467,6.4E-06,2015PASP..127..851J,1.011,1.182,0.0137921675394694,311408969,12.658,35.8109191297443,1.013,0.582,0.04604,6.09106099629786E-09,3.5852467000000000
67,HAT-P-59,SPOC,120, TEP  ,19.0,29.0,50.07,62.0,31.0,45.2,11.88,10.21,0.0975,1.1,2458618.54088,0.00021,4.1419771,1.2E-06,arXiv:2007.05528,1.104,1.123,0.0104404988026269,229400092,11.2086,52.197169715920300,1.008,1.54,0.05064,1.56220231400961E-08,4.1419771
74,HAT-P-66,SPOC,120, TEP  ,10.0,2.0,17.52,53.0,57.0,3.1,12.99,11.68,0.1958,1.0,2457258.79907,0.00072,2.972086,5.7E-06,2016AJ....152..182H,1.881,1.59,0.00720968914084181,137881699,12.5119,27.964757267102100,1.255,0.783,0.04363,1.92946166878797E-07,2.972086
75,HAT-P-67,SPOC,120, TEP  ,17.0,6.0,26.56,44.0,46.0,37.1,10.11,8.9,0.2912,0.8,2455961.38467,0.0007,4.8101025,4.8E-06,2017AJ....153..211Z,2.546,2.085,0.00676698481839302,198588220,9.63331,163.7307754235,1.642,0.0,0.06505,0.0,4.8101025
78,HATS-01,SPOC,120, TEP  ,11.0,42.0,6.08,-23.0,21.0,17.4,12.05,10.58,0.1007,1.7,2455241.28722,0.00071,3.446459,4E-06,2013AJ....145....5P,1.038,1.302,0.0158754901775034,219698950,11.5122,67.48288616745220,0.986,1.855,0.0444,2.72796706111975E-08,3.4464590000000000
79,HATS-02,SPOC,120, TEP  ,11.0,46.0,57.38,-22.0,33.0,46.8,13.56,11.39,0.0861,2.2,2455954.58576,9E-05,1.354133,1E-06,2013A+A...558A..55M,0.898,1.168,0.017069975366392,413376180,12.7492,34.3668583010178,0.882,1.345,0.023,2.8727405756899E-07,1.354133
80,HATS-03,SPOC,120, TEP  ,20.0,49.0,49.8,-24.0,25.0,43.7,12.44,10.69,0.1494,1.1,2456155.96734,0.00014,3.547851,5E-06,2013AJ....146..113B,1.404,1.381,0.00976231964944608,336732616,11.5232,52.8064800754391,1.209,1.071,0.0485,3.73929924680321E-08,3.547851
81,HATS-04,SPOC,120, TEP  ,6.0,16.0,26.9,-22.0,32.0,48.8,13.46,11.61,0.1053,2.0,2455808.34095,0.00036,2.516729,2E-06,2014AJ....148...29J,0.925,1.02,0.012269214528561000,59843967,12.7632,34.1991999808985,1.001,1.323,0.0362,2.98945337171501E-08,2.516729
82,HATS-05,SPOC,120, TEP  ,4.0,28.0,53.47,-21.0,28.0,54.9,12.63,10.7,0.1244,1.5,2456273.79068,0.0001,4.763387,1E-05,2014AJ....147..144Z,0.871,0.912,0.0110624991111211,139733308,11.9012,51.12916558361780,0.936,0.237,0.0542,5.63465131050826E-10,4.763387000000000
83,HATS-06,SPOC,120, TEP  ,5.0,52.0,35.22,-19.0,1.0,54.0,15.16,11.22,0.08504,4.2,2456643.74058,8.4E-05,3.3252725,2.1E-06,2015AJ....149..166H,0.57,0.998,0.0309322316122191,33521996,13.3383,41.9326488238555,0.574,0.319,0.03623,1.11227353771126E-09,3.3252725
84,HATS-07,SPOC,120, TEP  ,13.0,55.0,25.68,-21.0,12.0,27.7,13.34,10.98,0.0958,0.5,2456528.29697,0.00058,3.185315,5.4E-06,2015ApJ...813..111B,0.815,0.563,0.004815057241480670,220029715,12.4284,10.3799192719963,0.849,0.12,0.04012,1.01521303164148E-09,3.185315
89,HATS-13,SPOC,120, TEP  ,21.0,7.0,50.75,-26.0,5.0,48.0,13.89,11.98,0.10978,2.5,2456340.31705,0.00026,3.0440499,2.7E-06,2015A+A...580A..63M,0.887,1.212,0.0188390015635593,289793076,13.163,32.4159447826196,0.962,0.543,0.04057,5.85488035037626E-09,3.0440499
90,HATS-14,SPOC,120, TEP  ,20.0,52.0,51.71,-25.0,41.0,14.4,13.79,12.04,0.11009,2.0,2456408.76462,0.00021,2.7667641,2.7E-06,2015A+A...580A..63M,0.933,1.039,0.0125131799402434,29344935,13.2366,24.5576402481989,0.967,1.071,0.03815,2.01186441991812E-08,2.7667641
92,HATS-16,SPOC,120, TEP  ,23.0,54.0,14.04,-30.0,0.0,46.8,13.83,12.28,0.1514,1.3,2456824.79069,0.00076,2.686502,1.1E-05,2016PASP..128g4401C,1.238,1.3,0.0111261599073236,77044471,13.2576,18.4219295849165,0.97,3.27,0.03744,2.7669432229388E-07,2.686502
93,HATS-17,SPOC,120, TEP  ,12.0,48.0,45.72,-47.0,36.0,49.3,12.39,10.7,0.2011,0.5,2457139.1672,0.0014,16.254611,7.3E-05,2016AJ....151...89B,1.091,0.777,0.00511790733879017,73717937,11.7528,23.9382964621255,1.131,1.338,0.1308,9.91696424989049E-11,16.254611000000000
94,HATS-18,SPOC,120, TEP  ,11.0,35.0,49.92,-29.0,9.0,21.6,14.07,12.29,0.07866,2.3,2457089.90665,0.00025,0.83784309,2.8E-07,arXiv:2002.02606,1.02,1.337,0.01733653709412,14614418,13.3898,21.226299428004200,1.037,1.98,0.01761,2.58458440166188E-06,0.83784309
95,HATS-19,SPOC,120, TEP  ,9.0,49.0,37.63,-33.0,13.0,6.6,13.03,11.51,0.1666,1.3,2456660.03375,0.00059,4.569673,1E-05,arXiv:1607.00322,1.75,1.66,0.009079040656,48103627,12.4399,35.300049861927,1.303,0.427,0.0589,1.57542391913057E-08,4.569673000000000
96,HATS-20,SPOC,120, TEP  ,13.0,12.0,32.04,-45.0,35.0,26.0,13.77,11.86,0.1022,1.0,2457121.16516,0.00055,3.7992969,7.9E-06,arXiv:1607.00322,0.892,0.776,0.007636486985260110,287563610,13.0546,13.5755892141592,0.91,0.273,0.04619,1.67303844767562E-09,3.7992969
97,HATS-21,SPOC,120, TEP  ,18.0,40.0,44.4,-58.0,27.0,33.3,12.19,10.53,0.0824,1.2,2457109.22538,0.00057,3.5543973,5.8E-06,arXiv:1607.00322,1.021,1.123,0.0122069709351632,120247528,11.5803,41.2156438522778,1.08,0.332,0.04676,3.1678946635515E-09,3.5543973
98,HATS-22,SPOC,120, TEP  ,11.0,36.0,2.16,-29.0,32.0,35.9,13.46,10.94,0.0913,2.5,2457078.5803,0.00022,4.7228124,5.2E-06,2017MNRAS.468..835B,0.689,0.953,0.0193039969209757,14661418,12.4806,48.818874771894000,0.759,2.74,0.05025,3.63266016972681E-09,4.7228124000000000
99,HATS-23,SPOC,120, TEP  ,19.0,5.0,27.96,-50.0,4.0,2.5,13.9,12.26,0.0752,1.6,2457072.85266,0.0007,2.1605156,4.5E-06,2017MNRAS.468..835B,1.199,1.86,0.0242821649184996,7088246,13.2851,15.647062867778800,1.121,1.47,0.03397,1.49152353108978E-07,2.1605156
100,HATS-24,SPOC,120, TEP  ,17.0,55.0,33.6,-61.0,44.0,50.3,12.83,11.38,0.1008,2.2,2458667.45848,0.00035,1.34849705,4.3E-07,2020AJ....160..155W,1.172,1.487,0.0162430131478836,380589029,12.2851,51.829821036585300,1.212,2.44,0.02547,8.62344397592521E-07,1.34849705
101,HATS-25,SPOC,120, TEP  ,13.0,51.0,37.8,-23.0,46.0,52.2,13.1,11.42,0.1335,1.7,2456870.36872,0.00051,4.2986432,4.5E-06,2016AJ....152..108E,1.107,1.26,0.0130721111111111,437333618,12.472000000000000,40.3891213906065,0.994,0.613,0.05163,5.80232131972002E-09,4.2986432
102,HATS-26,SPOC,120, TEP  ,9.0,39.0,42.44,-28.0,35.0,8.1,12.96,11.44,0.2173,1.2,2456867.4232,0.0012,3.3023881,7.6E-06,2016AJ....152..108E,2.04,1.75,0.00742532803639225,315002523,12.4257,37.591054212810700,1.299,0.65,0.04735,1.5422519645345E-07,3.3023881
103,HATS-27,SPOC,120, TEP  ,12.0,54.0,12.6,-46.0,35.0,15.8,12.77,11.55,0.2013,1.0,2457029.3374,0.0011,4.637038,1.4E-05,2016AJ....152..108E,1.74,1.5,0.0074986641646849,248111245,12.3335,32.1803209750368,1.415,0.53,0.0611,1.45666547197634E-08,4.637038
104,HATS-28,SPOC,120, TEP  ,18.0,57.0,36.0,-49.0,8.0,18.5,13.93,12.09,0.0981,2.1,2457034.2830000000,0.00046,3.1810781,3.9E-06,2016AJ....152..108E,0.922,1.194,0.0169218052937004,6663331,13.2887,23.391691377891700,0.929,0.672,0.04131,8.31825817629218E-09,3.1810781
105,HATS-29,SPOC,120, TEP  ,19.0,0.0,23.04,-54.0,53.0,35.5,12.61,10.88,0.1338,1.8,2457031.95618,0.00038,4.6058749,6.3E-06,2016AJ....152..108E,1.073,1.251,0.0137156077912591,201604954,11.9707,60.70171550372870,1.032,0.653,0.05475,3.79849607842995E-09,4.605874900000000
106,HATS-30,SPOC,120, TEP  ,0.0,22.0,28.49,-59.0,56.0,33.2,12.19,10.79,0.1146,1.6,2456629.76156,0.00036,3.1743516,2.6E-06,2016AJ....152..108E,1.061,1.175,0.0123749897412969,281459670,11.6714,61.036751480089700,1.093,0.706,0.04354,1.15244323054765E-08,3.1743516
108,HATS-32,SPOC,120, TEP  ,23.0,4.0,18.12,-21.0,16.0,19.0,14.38,12.7,0.1189,1.9,2456454.6252,0.0011,2.8126548,5.5E-06,2016AJ....152..161D,1.097,1.249,0.0130801132368152,204317710,13.7426,16.354681856754200,1.099,0.92,0.04024,2.61718015569617E-08,2.8126548
109,HATS-33,SPOC,120, TEP  ,19.0,38.0,31.92,-55.0,19.0,48.4,11.91,10.29,0.1115,2.2,2456497.23181,0.0005,2.5495551,6.1E-06,2016AJ....152..161D,1.022,1.23,0.0146153194900544,360742636,11.2474,108.93157564859500,1.062,1.192,0.03727,3.61334525194739E-08,2.5495551
119,HATS-43,SPOC,120, TEP  ,5.0,22.0,9.16,-30.0,58.0,15.0,13.59,11.56,0.12452,2.8,2457636.08946,0.00025,4.3888497,5.9E-06,2018AJ....155..112B,0.812,1.18,0.0213084489447087,78055054,12.8461,48.9917978847392,0.837,0.261,0.04944,7.73754328008542E-10,4.3888497000000000
120,HATS-44,SPOC,120, TEP  ,5.0,37.0,18.41,-27.0,58.0,21.4,14.43,12.17,0.0688,1.6,2456931.11384,0.00061,2.7439004,3.2E-06,2018AJ....155..112B,0.847,1.067,0.0160126016735537,32499655,13.5452,12.2396118415328,0.86,0.56,0.03649,9.11040149459904E-09,2.7439004
121,HATS-45,SPOC,120, TEP  ,6.0,47.0,58.63,-21.0,54.0,38.5,13.31,12.14,0.1269,1.2,2456731.19533,0.00073,4.1876244,5.6E-06,2018AJ....155..112B,1.315,1.286,0.00965006666783675,4616072,12.8893,20.531036615761,1.272,0.7,0.05511,8.83868881348962E-09,4.1876244
122,HATS-46,SPOC,120, TEP  ,0.0,26.0,48.58,-56.0,18.0,58.0,13.63,11.97,0.1014,1.4,2457149.05166,0.00056,4.7423749,4.3E-06,2021MNRAS.501.5393L,0.894,0.951,0.0114178906245496,281541555,13.0417,19.115258700422300,0.869,0.158,0.05272,5.29356320215355E-10,4.7423749000000000
123,HATS-47,SPOC,120, TEP  ,19.0,9.0,56.25,-49.0,39.0,53.9,14.83,11.93,0.08343,3.0,2457365.35804,29.0,3.9228038,2.2E-06,arXiv:2002.05776,0.6564,1.117,0.0292192513033033,158297421,13.6699,22.913247778607500,0.674,0.369,0.04269,9.76964456364128E-10,3.9228038
124,HATS-48,SPOC,120, TEP  ,19.0,14.0,41.27,-59.0,34.0,45.8,14.35,11.43,0.09774,1.3,2457100.55022,45.0,3.1316666,3.7E-06,arXiv:2002.05776,0.7152,0.8,0.0126248098183766,201642601,13.1686,15.8378031795405,0.7279,0.243,0.03769,1.70546025190396E-09,3.1316666
130,HATS-55,SPOC,120, TEP  ,7.0,37.0,8.02,-32.0,45.0,19.5,13.47,12.02,0.11600000000000000,1.4,2457413.13042,0.00051,4.2042001,3.3E-06,arXiv:1812.07668,1.126,1.251,0.0124548276035689,114299824,12.9264,22.280374566174,1.196,0.921,0.05412,6.23349577732055E-09,4.2042001
139,HATS-64,SPOC,120, TEP  ,9.0,37.0,9.03,-29.0,48.0,1.6,12.92,11.71,0.2416,0.8,2457769.82282,0.00083,4.908896,1.3E-05,arXiv:1809.01048,2.113,1.674,0.00633303364650892,189625051,12.487,25.2969460522509,1.562,0.93,0.0656,4.28627877345407E-08,4.908896
145,HATS-71,SPOC,120, TEP  ,1.0,2.0,12.28,-61.0,45.0,21.7,16.33,11.73,0.08622,4.7,2457699.38939,0.0002,3.7955213,1.1E-06,arXiv:1812.09406,0.5161,1.08,0.0441854899479541,234523599,14.1266,25.2733885501166,0.569,0.45,0.03946,6.28469700146141E-10,3.7955213
148,HD_017156,SPOC,120, TEP  ,2.0,49.0,44.49,71.0,45.0,11.6,8.17,6.76,0.13098,0.6,2454884.02817,7.3E-05,21.2163979,1.59E-05,2011ApJ...726....3N,1.487,1.065,0.00517579611986352,302773669,7.6353,208.781810095265,1.297,3.262,0.1637,3.22965128120023E-10,21.2163979
149,HD_097658,SPOC,120, TEP  ,11.0,14.0,33.16,25.0,42.0,37.4,7.71,5.73,0.1187,0.077,2456361.8069,0.00038,9.489295,5E-06,arXiv:2004.03601,0.741,0.2005,0.0007387410291935530,82308728,6.9859,32.6538466674325,0.77,0.0246,0.08,4.52257411783392E-12,9.489295
151,K2-237,SPOC,120, TEP  ,16.0,55.0,4.53,-28.0,42.0,38.0,11.6,10.22,0.126,1.5,2457782.93422,0.00014,2.1805358,1E-06,arXiv:2005.01684,1.34,1.57,0.0138512698497717,16288184,11.0657,88.49525364137290,1.22,1.231,0.0352,1.67497798319456E-07,2.1805358000000000
152,KELT-03,SPOC,120, TEP  ,9.0,54.0,34.39,40.0,23.0,17.0,9.82,8.66,0.11419,1.0,2456023.48038,0.00025,2.70339216,9E-07,arXiv:1812.05882,1.472,1.345,0.00842420314048954,67666096,9.43351,142.291612958747,1.278,1.477,0.04122,1.39363472933194E-07,2.70339216
154,KELT-06,SPOC,120, TEP  ,13.0,3.0,55.65,30.0,38.0,24.3,10.42,9.08,0.23,0.7,2457124.50954,0.00057,7.845582,7E-06,2015A+A...581L...6D,1.58,1.193,0.005752632037302720,165987272,9.8469,113.531678261425,1.085,0.43,0.07939,2.56918482734414E-09,7.845582
155,KELT-07,SPOC,120, TEP  ,5.0,13.0,10.93,33.0,19.0,5.4,8.54,7.54,0.1463,0.8,2456355.22981,0.0002,2.73476468,4.6E-07,arXiv:1901.07040,1.732,1.533,0.007904755046636910,367366318,8.14847,237.43156599113,1.535,1.28,0.04415,1.6087467953631E-07,2.73476468
156,KELT-08,SPOC,120, TEP  ,18.0,53.0,13.32,24.0,7.0,38.5,10.83,9.18,0.1444,1.3,2457396.04496,0.00055,3.2440796,4.8E-06,arXiv:1812.05882,1.67,1.86,0.0125167860335616,358516596,10.2025,137.138689469774,1.211,0.867,0.04571,9.67612365500918E-08,3.2440796
157,KELT-09,SPOC,120, TEP  ,20.0,31.0,26.35,39.0,56.0,19.8,7.56,7.48,0.16361,0.68,2457095.68572,0.00014,1.4811235,1.1E-06,2017Natur.546..514G,2.418,1.936,0.00646841677996772,16740101,7.582040000000000,270.143751169538,2.32,2.88,0.03368,4.91615738060182E-06,1.4811235
159,KELT-11,SPOC,120, TEP  ,10.0,46.0,49.74,-9.0,23.0,56.5,8.03,6.12,0.2974,0.22,2458260.168608,3E-05,4.73620495,8.6E-07,arXiv:2010.01310,2.69,1.35,0.00254134050887218,55092869,7.3212,130.43453588659800,1.44,0.171,0.06229,3.70342513736366E-08,4.73620495
160,KELT-15,SPOC,120, TEP  ,7.0,49.0,39.61,-52.0,7.0,13.6,11.44,9.85,0.1719,1.2,2458544.07707,0.00018,3.329472,6E-06,arXiv:2012.07478,1.481,1.52,0.0106286214882092,268644785,10.6815,104.519104413845,1.181,1.196,0.04613,7.17198723185918E-08,3.329472
161,KELT-16,SPOC,120, TEP  ,20.0,57.0,4.44,31.0,39.0,39.6,11.9,10.64,0.1037,1.3,2457927.48079,0.00012,0.9689934000000000,1.8E-07,arXiv:2105.00889,1.315,1.383,0.0111607334670286,236445129,11.4373,54.973605636020300,1.195,2.71,0.02035,5.30527973329794E-06,0.9689934000000000
164,KELT-19,SPOC,120, TEP  ,7.0,26.0,2.29,7.0,36.0,56.8,9.9,9.2,0.1831,1.2,2457281.24954,0.00036,4.6117093,9.9E-06,2018AJ....155...35S,1.83,1.91,0.0109916891338201,425206121,9.654,192.620647973507,1.62,0.0,0.0637,0.0,4.6117093
165,KELT-20,SPOC,120, TEP  ,19.0,38.0,38.73,31.0,13.0,9.2,7.59,7.42,0.12897,1.3,2458312.58576,0.00019,3.4740985,1.6E-06,arXiv:2106.02610,1.561,1.735,0.0124650215681494,69679391,7.552160000000000,464.00123011547000,1.76,0.0,0.0542,0.0,3.4740985
167,KELT-23,SPOC,120, TEP  ,15.0,28.0,35.19,66.0,21.0,31.5,10.25,8.9,0.09923,2.0,2458769.612278,6E-05,2.25528773,7.7E-07,arXiv:2106.02610,0.995,1.322,0.0178121617797631,458478250,9.76703,222.471405729084,0.945,0.938,0.03303,5.1126230214438E-08,2.25528773
168,KELT-24,SPOC,120, TEP  ,10.0,47.0,38.35,71.0,39.0,21.2,8.39,7.15,0.1791,0.8,2458268.45459,0.00087,5.5514918,8.6E-06,2020AcA....70..181M,1.506,1.272,0.007198204173902000,349827430,7.9179,289.874992271698,1.461,5.18,0.06971,3.46440929845268E-08,5.5514918
170,Kepler-448,SPOC,120, TEP  ,19.0,49.0,48.9,41.0,0.0,39.6,11.38,10.23,0.2826,0.9,2454961.74166,3E-05,17.8552273,5.9E-07,arXiv:2103.03259,1.63,1.44,0.00787498359140352,169461816,10.931,86.4189948470446,1.452,1.1,0.151,2.30557662529473E-10,17.855227300000000
171,KPS-1,SPOC,120, TEP  ,11.0,0.0,40.17,64.0,57.0,50.4,13.03,10.93,0.07,1.3,2458544.108,0.0003,1.7063219,1.5E-06,arXiv:2012.07478,0.907,1.03,0.0130124704852859,99834717,12.212,26.8586934305919,0.892,1.09,0.0269,1.10569891893683E-07,1.7063219000000000
173,NGTS-01,SPOC,120, TEP  ,5.0,30.0,51.45,-36.0,37.0,50.8,15.52,11.94,0.0513,2.3,2457720.65939,0.00067,2.647297,2.1E-05,arXiv:1710.11099,0.573,1.33,0.0543618114825374,192826603,13.9143,11.3354236036068,0.617,0.812,0.0326,4.58412214326915E-09,2.647297
189,Qatar-5,SPOC,120, TEP  ,0.0,28.0,12.94,42.0,3.0,40.9,12.82,10.96,0.1212,1.3,2457362.67203,9E-05,2.8793105,2.5E-06,arXiv:1812.05882,1.076,1.107,0.0106799834885354,190998418,12.0401,39.794489299217900,1.128,4.32,0.04127,9.57996374594895E-08,2.8793105
194,TrES-1,SPOC,120, TEP  ,19.0,4.0,9.84,36.0,37.0,57.5,11.79,9.82,0.104,2.2,2455016.969937,7E-05,3.03006973,1.8E-07,2015MNRAS.450.3101B,0.818,1.099,0.0182133007778865,120757718,11.0248,120.95087794322200,0.892,0.761,0.03946,6.78111519848456E-09,3.03006973
196,TrES-3,SPOC,120, TEP  ,17.0,52.0,7.03,37.0,32.0,46.1,12.5,10.61,0.05492,2.7,2455591.367536,5.7E-05,1.30618635,6E-07,arXiv:2106.02610,0.8235,1.31,0.0255337890720705,116264089,11.7213,68.9838521089157,0.921,1.899,0.02276,2.65474168724874E-07,1.30618635
197,TrES-4,SPOC,120, TEP  ,17.0,53.0,13.06,37.0,12.0,42.4,11.59,10.33,0.1524,1.1,2454230.9056,0.0003,3.55392771,4.7E-07,2015A+A...575L..15S,1.81,1.838,0.0104048002363817,159742538,11.1116,69.3583503431417,1.45,0.494,0.0516,3.75667408576402E-08,3.55392771
201,WASP-003,SPOC,120, TEP  ,18.0,34.0,31.62,35.0,39.0,41.5,10.64,9.36,0.1162,1.3,2455362.762292,9.3E-05,1.8468351000000000,2E-07,arXiv:2106.02610,1.298,1.346,0.010850271789769000,27848472,10.1058,129.909278501213,1.11,1.77,0.0305,4.621944852151E-07,1.8468351000000000
203,WASP-005,SPOC,120, TEP  ,23.0,57.0,23.74,-41.0,16.0,37.5,12.14,10.6,0.0988,1.4,2456446.98868,0.00017,1.62842953,5.2E-07,2015MNRAS.450.3101B,1.088,1.175,0.0117684109288516,184240683,11.5464,53.8336450755242,1.033,1.595,0.0274,3.16484346702216E-07,1.62842953
204,WASP-006,SPOC,120, TEP  ,23.0,12.0,37.75,-22.0,40.0,26.1,12.16,10.32,0.1086,2.2,2454425.0218,0.00011,3.36100208,3.1E-07,2015MNRAS.450.1760T,0.864,1.23,0.0204494965307919,204376737,11.4779,92.7354476501836,0.836,0.485,0.0414,4.76872934335377E-09,3.36100208
205,WASP-007,SPOC,120, TEP  ,20.0,44.0,10.22,-39.0,13.0,30.9,9.48,8.4,0.172,1.0,2455446.63493,0.0003,4.9546416,3.5E-06,2010MNRAS.408.1680S,1.478,1.374,0.00872016052069505,389352124,9.0532,211.593380408116,1.317,0.98,0.0624,1.15183356181737E-08,4.9546416
206,WASP-008,SPOC,120, TEP  ,23.0,59.0,36.07,-35.0,1.0,52.9,9.77,8.09,0.1832,1.3,2454679.33741,0.00047,8.15875416,1.6E-07,2010A+A...517L...1Q,0.976,1.165,0.0143764645425273,183532609,9.1468,271.019013808956,1.093,2.216,0.0817,1.02420904273818E-09,8.15875416
209,WASP-012,SPOC,120, TEP  ,6.0,30.0,32.79,29.0,40.0,20.4,11.69,10.19,0.12483,1.6,2456305.455519,2.6E-05,1.09141942,2E-08,arXiv:2012.02211,1.657,1.9,0.013266674299956000,86396382,11.0967,92.15830436245190,1.434,1.47,0.0234,3.7896721886787E-06,1.09141942
210,WASP-013,SPOC,120, TEP  ,9.0,20.0,24.7,33.0,52.0,56.5,10.51,9.12,0.1668,0.9,2455218.5681,0.0008,4.353019,4E-06,2012MNRAS.419.1248B,1.657,1.528,0.00858028224065057,8767448,9.981110000000000,115.493573379162,1.22,0.512,0.0557,2.03023776830846E-08,4.3530190000000000
212,WASP-015,SPOC,120, TEP  ,13.0,55.0,42.71,-32.0,9.0,34.6,10.92,9.69,0.1547,1.2,2454584.69859,0.00029,3.75209748,8.1E-07,2013MNRAS.434.1300S,1.522,1.408,0.00863526931718933,111991770,10.4445,114.025226672167,1.305,0.592,0.05165,2.09282557582128E-08,3.75209748
213,WASP-016,SPOC,120, TEP  ,14.0,18.0,43.92,-20.0,16.0,31.9,11.31,9.59,0.08,1.3,2455495.0619,0.0003,3.1186023,1.6E-06,arXiv:2012.07478,1.087,1.218,0.0126687968062889,46096489,10.6481,78.7977747470702,0.98,0.832,0.0415,2.17322500616897E-08,3.1186023
214,WASP-017,SPOC,120, TEP  ,15.0,59.0,50.95,-28.0,3.0,42.3,11.5,10.22,0.183,1.8,2454592.80154,0.0005,3.7354845,1.9E-06,2012MNRAS.426.1338S,1.583,1.932,0.0150297686834333,66818296,11.0261,131.165004112055,1.286,0.477,0.05135,2.14427237835924E-08,3.7354845
215,WASP-018,SPOC,120, TEP  ,1.0,37.0,25.03,-45.0,40.0,40.4,9.27,8.13,0.09089,1.2,2457255.782941,4.8E-05,0.94145243,2E-08,2020AJ....160..155W,1.255,1.204,0.009286785281020940,100100827,8.8287,205.823502949426,1.295,10.52,0.02055,1.4328663232555E-05,0.94145243
216,WASP-019,SPOC,120, TEP  ,9.0,53.0,40.08,-45.0,39.0,33.0,12.31,10.48,0.06586,2.4,2456021.7039,2E-05,0.7888393,1E-08,arXiv:2002.02606,1.018,1.41,0.0193572006344058,35516889,11.6044,72.53935163241780,0.935,1.139,0.01634,2.37405594168421E-06,0.7888393
217,WASP-020,SPOC,120, TEP  ,0.0,20.0,38.53,-23.0,56.0,8.6,10.68,9.39,0.1418,1.2,2455715.65562,0.00029,4.8996284,3.3E-06,2015A+A...575A..61A,1.242,1.382,0.012493173650889,211438925,10.248,122.244398646926,1.113,0.396,0.05851,3.18388751801313E-09,4.899628400000000
219,WASP-022,SPOC,120, TEP  ,3.0,31.0,16.32,-23.0,49.0,10.9,11.71,10.32,0.145,1.2,2455532.72776,0.00022,3.53273064,7E-07,2016MNRAS.457.4205S,1.255,1.199,0.00920981267230838,257567854,11.185,70.48220870674710,1.249,0.617,0.0489,1.14208194330444E-08,3.53273064
220,WASP-023,SPOC,120, TEP  ,6.0,44.0,30.59,-42.0,45.0,42.5,12.68,10.45,0.0998,1.7,2454813.68159,0.00042,2.94443,1.1E-06,2013A+A...553A..26N,0.819,1.067,0.0171261962964789,170102285,11.7583,57.1267410003555,0.842,0.917,0.03798,1.05439213341901E-08,2.94443
222,WASP-025,SPOC,120, TEP  ,13.0,1.0,26.37,-27.0,31.0,19.9,11.85,10.17,0.116,2.2,2455888.66484,0.00013,3.7648327,9E-07,2014MNRAS.444..776S,0.924,1.247,0.0183776022040002,229047362,11.2175,113.230269870865,1.053,0.598,0.04819,3.05596406811528E-09,3.7648327
223,WASP-026,SPOC,120, TEP  ,0.0,18.0,24.7,-15.0,16.0,2.3,11.1,9.69,0.097,1.0,2455837.59821,0.00044,2.7565972,1.9E-06,2014MNRAS.444..776S,1.284,1.216,0.00904975838976718,32487566,10.5853,69.2770588624892,1.095,1.02,0.03966,6.8793566918407E-08,2.7565972000000000
225,WASP-029,SPOC,120, TEP  ,23.0,51.0,31.08,-39.0,54.0,24.2,11.21,8.78,0.11036,1.3,2455853.72442,0.00017,3.9227186,6.8E-06,2013MNRAS.428.3680G,0.808,0.776,0.0093068047566415,183537452,10.2499,116.704842121194,0.825,0.244,0.04565,1.06681466826905E-09,3.9227186
226,WASP-031,SPOC,120, TEP  ,11.0,17.0,45.35,-19.0,3.0,17.3,11.94,10.65,0.1103,1.6,2456088.4374,0.0001,3.4058853,5E-07,arXiv:2012.07478,1.252,1.549,0.0154452186206239,437248515,11.4553,68.9723188258596,1.163,0.478,0.04659,1.19593198214026E-08,3.4058853
228,WASP-033,SPOC,120, TEP  ,2.0,26.0,51.06,37.0,33.0,1.7,8.18,7.47,0.1188,1.4,2458792.63403,9E-05,1.21987089,7E-08,arXiv:2004.10767,1.509,1.679,0.012491735931134000,129979528,7.876110000000000,420.43400266751800,1.561,2.16,0.0259,1.92884989920911E-06,1.21987089
229,WASP-034,SPOC,120, TEP  ,11.0,1.0,35.89,-23.0,51.0,38.4,10.37,8.79,0.0876,1.2,2454647.55358,0.00064,4.3176782,4.5E-06,2011A+A...526A.130S,0.93,1.22,0.0173641547011215,437242640,9.7566,126.12281431161700,1.01,0.59,0.0524,2.13594050623024E-09,4.3176782
230,WASP-035,SPOC,120, TEP  ,5.0,4.0,19.63,-6.0,13.0,47.4,10.95,9.53,0.1278,1.7,2455531.47907,0.00015,3.161575,2E-06,2011AJ....142...86E,1.09,1.32,0.0147977180675027,43647325,10.4408,147.137729200693,1.07,0.72,0.04317,1.43374254026586E-08,3.161575
231,WASP-036,SPOC,120, TEP  ,8.0,46.0,19.3,-8.0,1.0,36.7,12.7,11.29,0.07566,2.0,2455566.755225,7.2E-05,1.53736596,2E-07,2020AJ....160..155W,0.985,1.327,0.018313412041663,13349647,12.212,42.9591494302981,1.081,2.361,0.02677,3.05850923244017E-07,1.53736596
235,WASP-041,SPOC,120, TEP  ,12.0,42.0,28.5,-30.0,38.0,23.5,11.64,9.68,0.1099,2.1,2455996.67927,0.0001,3.05240154,4.1E-07,2016MNRAS.457.4205S,0.886,1.178,0.0178370495722399,398943781,10.7875,137.226769976761,0.987,0.977,0.041000000000000000,9.68560922415694E-09,3.05240154
236,WASP-042,SPOC,120, TEP  ,12.0,51.0,55.62,-42.0,4.0,25.2,12.57,10.03,0.12043,2.0,2455650.56728,0.00015,4.9816819,1.1E-06,2016MNRAS.457.4205S,0.892,1.122,0.0159645208077907,248075138,11.3728,95.007102716276,0.951,0.527,0.0561,1.1693385568348E-09,4.9816819
237,WASP-043,SPOC,120, TEP  ,10.0,19.0,38.01,-9.0,48.0,22.5,12.37,9.27,0.05115,2.7,2456342.34259,1E-05,0.81347405,2E-08,arXiv:2002.02606,0.667,1.036,0.0243426427320972,36734222,11.1184,98.20954530421710,0.717,2.034,0.01526,9.39698428420749E-07,0.81347405
238,WASP-044,SPOC,120, TEP  ,0.0,15.0,36.76,-11.0,56.0,17.4,12.88,11.34,0.0936,1.6,2455434.37655,0.0002,2.423812,1.2E-06,2016MNRAS.459..789T,0.865,1.002,0.0135395150801029,12862099,12.3993,33.5164049339036,0.917,0.869,0.03445,1.96374482246967E-08,2.423812
239,WASP-045,SPOC,120, TEP  ,0.0,20.0,56.99,-35.0,59.0,53.8,11.98,10.29,0.0746,1.2,2457501.35468,0.00022,3.12607637,6E-07,arXiv:2005.01684,0.917,0.992,0.0118082232410699,120610833,11.5005,41.3128972808734,0.904,1.002,0.0405,1.36952845290848E-08,3.12607637
240,WASP-046,SPOC,120, TEP  ,21.0,14.0,56.86,-55.0,52.0,18.1,12.93,11.4,0.06973,2.1,2455392.317,0.0004,1.43037148,5.3E-07,2018MNRAS.473.5126P,0.858,1.174,0.0188912850137877,231663901,12.4069,37.7651580694326,0.828,1.91,0.02335,3.2085236980036E-07,1.43037148
241,WASP-048,SPOC,120, TEP  ,19.0,24.0,38.98,55.0,28.0,23.3,11.66,10.37,0.1327,1.0,2455364.55241,0.00024,2.14363544,5.8E-07,2015A+A...577A..54C,1.519,1.396,0.00852226767950052,284475976,11.1541,57.291132792281200,1.062,0.907,0.0332,3.55534235975699E-07,2.14363544
242,WASP-049,SPOC,120, TEP  ,6.0,4.0,21.47,-16.0,57.0,55.1,11.36,9.75,0.08918,1.3,2456267.68389,0.00013,2.7817362,1.4E-06,2016A+A...587A..67L,1.038,1.198,0.0134406047913488,306362738,10.8164,75.19746167758100,1.0,0.396,0.0387,1.14137231597997E-08,2.7817362
243,WASP-050,SPOC,120, TEP  ,2.0,54.0,45.13,-10.0,53.0,53.0,11.55,9.97,0.0752,2.0,2455558.61237,0.0002,1.9550938,1.2E-06,2013MNRAS.431..966T,0.855,1.138,0.0178752521547279,382391899,11.0529,91.88362923124240,0.861,1.437,0.02913,7.54887046768779E-08,1.9550938
245,WASP-053,SPOC,120, TEP  ,2.0,7.0,38.22,-20.0,39.0,43.0,12.19,10.39,0.09469,1.6,2455943.56695,0.00012,3.3098443,2E-06,2017MNRAS.467.1714T,0.798,1.074,0.0182769053254848,268766053,11.7617,52.25318456493730,0.839,2.132,0.04101,1.47194321487195E-08,3.3098443
246,WASP-054,SPOC,120, TEP  ,13.0,41.0,49.02,0.0,7.0,41.0,10.42,9.04,0.1863,1.1,2455518.35087,0.00053,3.6936411,5.9E-06,2013A+A...551A..73F,1.828,1.653,0.0082507457908652,61098812,9.87229,158.361933616291,1.213,0.636,0.04987,7.20411499854446E-08,3.6936411
247,WASP-055,SPOC,120, TEP  ,13.0,35.0,1.94,-17.0,30.0,12.7,11.76,10.4,0.1459,1.8,2456416.71565,0.00013,4.4656291,1.1E-06,2016MNRAS.457.4205S,1.102,1.335,0.0148080961118067,294301883,11.3473,95.666043787719,1.162,0.627,0.0558,3.3658797542753E-09,4.4656291
248,WASP-056,SPOC,120, TEP  ,12.0,13.0,27.9,23.0,3.0,20.2,12.17,10.53,0.1484,1.4,2455730.799,0.001,4.617101,3E-06,2013A+A...551A..73F,1.112,1.092,0.00973050957665881,347329162,11.5384,66.3223882411085,1.017,0.571,0.05458,4.09233936291677E-09,4.617101
253,WASP-061,SPOC,120, TEP  ,5.0,1.0,11.91,-26.0,3.0,14.9,12.5,11.01,0.1642,1.0,2456075.4585,0.0005,3.855898,3E-06,2017MNRAS.464..810B,1.39,1.22,0.007773022825423120,13021029,11.7231,44.12509646993980,1.27,2.06,0.0521,4.5524909414445E-08,3.855898
254,WASP-062,SPOC,120, TEP  ,5.0,48.0,33.59,-63.0,59.0,18.3,10.22,8.94,0.1588,1.4,2455855.39316,0.00038,4.41193858,6.4E-07,2020AcA....70..181M,1.28,1.39,0.0118989747621155,149603524,9.7109,203.029225595888,1.25,0.57,0.0567,5.55136269409162E-09,4.41193858
255,WASP-063,SPOC,120, TEP  ,6.0,17.0,20.74,-38.0,19.0,23.8,11.16,9.39,0.2225,0.7,2455921.6527,0.0005,4.37809,6E-06,2012MNRAS.426..739H,1.88,1.43,0.00583789471826901,393414358,10.439,80.0253445613267,1.32,0.38,0.0574,2.25288828065415E-08,4.37809
256,WASP-064,SPOC,120, TEP  ,6.0,44.0,27.61,-32.0,51.0,30.3,12.29,10.96,0.09999,1.8,2455939.73877,0.00022,1.57329034,4.5E-07,2020AJ....160..155W,1.058,1.271,0.0145619537673201,52640302,12.0506,49.688380197175900,1.004,1.271,0.02648,2.6763966556421E-07,1.57329034
257,WASP-065,SPOC,120, TEP  ,8.0,53.0,17.83,8.0,31.0,22.8,11.9,10.35,0.11396,1.7,2456110.68772,0.00015,2.3114243,1.5E-06,2013A+A...559A..36G,1.01,1.112,0.0122311335752965,444013020,11.302,82.19568450651660,0.93,1.55,0.0334,8.75031103583919E-08,2.3114243
258,WASP-066,SPOC,120, TEP  ,10.0,32.0,54.0,-34.0,59.0,23.3,11.61,10.45,0.1876,0.7,2455929.09615,0.00035,4.086052,7E-06,2012MNRAS.426..739H,1.75,1.39,0.006365805796000000,53735810,11.248,44.941025549977600,1.3,2.32,0.0546,1.25334856641172E-07,4.086052
263,WASP-071,SPOC,120, TEP  ,1.0,57.0,3.21,0.0,45.0,31.8,10.56,9.32,0.2091,0.4,2455738.84974,0.0007,2.9036747,6.8E-06,2013A+A...552A.120S,2.26,1.46,0.00421103368490093,422655579,10.1638,51.9003876523843,1.559,2.242,0.04619,8.37321193284585E-07,2.9036747000000000
264,WASP-072,SPOC,120, TEP  ,2.0,44.0,9.6,-30.0,10.0,9.1,10.87,9.62,0.1558,0.4,2457660.74049,0.00049,2.2167429,1E-06,2020AJ....160..155W,1.98,1.27,0.0041512314080833600,122612091,10.4614,37.769565532741500,1.386,1.461,0.03708,9.50198883380975E-07,2.2167429
265,WASP-073,SPOC,120, TEP  ,21.0,19.0,47.91,-58.0,8.0,56.0,10.48,9.03,0.233,0.6,2456365.7688,0.0011,4.0872856,8.7E-06,arXiv:1812.05882,2.07,1.16,0.0031686565576792900,231670397,9.8638,97.0488388518763,1.34,1.88,0.05512,2.17600024441466E-07,4.0872856
268,WASP-076,SPOC,120, TEP  ,1.0,46.0,31.86,2.0,42.0,2.0,9.53,8.24,0.1582,1.2,2458080.62617,0.0004,1.80988198,6E-07,arXiv:2003.05528,1.765,1.854,0.0111334540832492,293435336,9.02706,246.66318175849,1.458,0.894,0.033,5.57229435903578E-07,1.80988198
269,WASP-077,SPOC,120, TEP  ,2.0,28.0,37.22,-7.0,3.0,38.4,10.3,8.4,0.09,2.5,2456271.65907,0.00011,1.36002903,9E-08,2020AJ....160..155W,0.955,1.21,0.016198092684137000,1129033,9.627130000000000,285.382629535409,1.002,1.76,0.024,3.63836111715358E-07,1.36002903
270,WASP-078,SPOC,120, TEP  ,4.0,15.0,1.51,-22.0,6.0,59.1,11.96,11.01,0.1953,0.7,2455882.35952,0.00054,2.17518429,7.8E-07,2020AJ....160..155W,2.35,2.06,0.00775351440995926,139528693,11.8282,31.402815534172100,1.39,0.86,0.0367,1.38290659326279E-06,2.17518429
274,WASP-082,SPOC,120, TEP  ,4.0,50.0,38.56,1.0,53.0,38.1,10.08,8.76,0.2081,0.5,2458447.08368,0.0004,2.7057831,1.6E-06,2020AJ....160..155W,2.219,1.712,0.00600610331319846,452808876,9.538960000000000,90.91559149611920,1.635,1.248,0.04477,4.74076113426057E-07,2.7057831
275,WASP-083,SPOC,120, TEP  ,12.0,40.0,36.51,-19.0,17.0,3.4,12.87,10.39,0.1402,1.3,2457121.99609,0.00015,4.9712917,6E-07,arXiv:2012.07478,1.05,1.04,0.00989892337777778,286865921,11.5037,61.22782054805390,1.11,0.3,0.059,1.00180897746384E-09,4.9712917
276,WASP-084,SPOC,120, TEP  ,8.0,44.0,25.71,1.0,51.0,36.0,10.83,8.86,0.11536,1.8,2456448.052286,6.9E-05,8.5234962,3.7E-06,2015ApJ...800L...9A,0.768,0.976,0.0162958522146267,350293646,10.0471,185.194976180312,0.853,0.687,0.0775,1.59810569677839E-10,8.5234962
278,WASP-086,SPOC,120, TEP  ,17.0,50.0,33.72,36.0,34.0,12.8,10.66,9.36,0.1674,0.3,2457103.7527,0.0005,5.031555,2E-06,arXiv:1608.04225,1.291,0.632,0.00241814063000658,116242971,10.1213,35.671203487711400,1.239,0.821,0.0627,5.09173231969254E-09,5.031555
279,WASP-087,SPOC,120, TEP  ,12.0,21.0,17.92,-52.0,50.0,27.0,10.74,9.6,0.12436,0.7,2456361.8403,0.00021,1.682795,1.9E-06,arXiv:1410.3449,1.627,1.385,0.00731180032803936,15445551,10.349,63.02714533805490,1.204,2.18,0.02946,1.93154248455606E-06,1.682795
282,WASP-091,SPOC,120, TEP  ,23.0,51.0,22.89,-70.0,9.0,10.2,11.99,9.71,0.0976,1.7,2456297.7191,0.0003,2.79857948,4.1E-07,arXiv:2103.12139,0.86,1.03,0.0144736287618307,238176110,11.0443,89.45246929843700,0.84,1.34,0.037,2.24703250215217E-08,2.79857948
283,WASP-092,SPOC,120, TEP  ,16.0,26.0,46.08,51.0,2.0,28.2,13.18,11.52,0.1153,1.5,2456381.28419,0.00028,2.17467334,5.4E-07,arXiv:2106.02610,1.341,1.461,0.0119768540792582,162689341,12.423,34.2934583597915,1.19,0.805,0.0348,1.19342957088612E-07,2.17467334
284,WASP-093,SPOC,120, TEP  ,0.0,37.0,50.11,51.0,17.0,19.5,10.97,9.94,0.0931,1.2,2456079.56495,0.00046,2.73253748,7.8E-07,arXiv:2106.02610,1.524,1.597,0.0110800005114246,240681314,10.6496,78.3960045580815,1.334,1.47,0.04211,1.42056247782822E-07,2.73253748
285,WASP-094A,SPOC,120, TEP  ,20.0,55.0,7.95,-34.0,8.0,7.9,10.06,8.87,0.187,1.4,2456416.40138,0.00026,3.9501907,3.7E-06,2014A+A...572A..49N,1.62,1.72,0.0113743541670477,92352620,9.6433,228.39845561986200,1.45,0.452,0.055,1.43493511627354E-08,3.9501907
286,WASP-095,SPOC,120, TEP  ,22.0,29.0,49.73,-48.0,0.0,11.0,10.09,8.56,0.116,1.4,2456338.45851,0.00024,2.184673,1.4E-06,2014MNRAS.440.1982H,1.13,1.21,0.0115694772341217,144065872,9.4995,194.01896013195,1.11,1.13,0.03416,8.37256596974453E-08,2.184673
287,WASP-096,SPOC,120, TEP  ,0.0,4.0,11.14,-47.0,21.0,38.2,12.19,10.91,0.1011,1.4,2456258.0621,0.0002,3.4252602,2.7E-06,2014MNRAS.440.1982H,1.05,1.2,0.01317904,160148385,11.9116,42.7185786273236,1.06,0.48,0.0453,6.29058541270753E-09,3.4252602
288,WASP-097,SPOC,120, TEP  ,1.0,38.0,25.04,-55.0,46.0,19.5,10.58,9.03,0.1076,1.5,2456438.18683,0.00018,2.07276,1E-06,2014MNRAS.440.1982H,1.06,1.13,0.0114668739518067,230982885,9.9696,155.58704830038,1.12,1.32,0.03303,8.32995341286555E-08,2.07276
289,WASP-098,SPOC,120, TEP  ,3.0,53.0,42.9,-34.0,19.0,41.7,12.98,11.28,0.0795,2.6,2456333.392075,8.2E-05,2.96264036,4.3E-07,2016MNRAS.461.1053M,0.741,1.144,0.0240500240566328,166833457,12.3943,50.372473693911200,0.809,0.922,0.03762,7.01584021382157E-09,2.96264036
290,WASP-099,SPOC,120, TEP  ,2.0,39.0,35.44,-50.0,0.0,28.8,9.48,8.09,0.219,0.5,2456224.9824,0.0014,5.75251,4E-05,2014MNRAS.440.1982H,1.76,1.1,0.0039414853515625,166836920,8.93,126.785963743037,1.48,2.78,0.0717,3.47576853502043E-08,5.75251
291,WASP-100,SPOC,120, TEP  ,4.0,35.0,50.32,-64.0,1.0,37.3,10.8,9.67,0.16,0.8,2458509.10542,0.00014,2.8493823,1.2E-06,2020AJ....160..155W,1.67,1.4,0.007091253504966110,38846515,10.3157,83.2823528896907,1.47,2.03,0.043,2.53348879076413E-07,2.8493823
292,WASP-101,SPOC,120, TEP  ,6.0,33.0,24.26,-23.0,29.0,10.2,10.34,9.07,0.113,1.1,2457663.51944,8E-05,3.585722,4E-06,2017ApJ...835L..12W,1.29,1.41,0.012054763289616000,47911178,9.79059,128.924987990513,1.34,0.5,0.0506,8.3437518510094E-09,3.585722
296,WASP-105,SPOC,120, TEP  ,1.0,36.0,40.24,-50.0,39.0,32.5,12.06,9.94,0.155,1.5,2456600.0765,0.0002,7.87288,1E-05,2017A+A...604A.110A,0.9,0.96,0.0114804081777778,158623531,11.2794,85.8081960308762,0.89,1.8,0.075,1.04493417892007E-09,7.87288
297,WASP-106,SPOC,120, TEP  ,11.0,5.0,43.13,-5.0,4.0,45.9,11.21,10.16,0.2234,0.8,2456649.54972,0.00033,9.2897159,1E-06,2014A+A...570A..64S,1.393,1.085,0.00612148973668594,53189332,10.99,65.86370498058350,1.192,1.925,0.0917,2.71246153559199E-09,9.2897159
299,WASP-108,SPOC,120, TEP  ,13.0,3.0,18.73,-49.0,38.0,22.8,11.22,9.8,0.13216,0.8,2456413.79019,0.00025,2.6755463,2.1E-06,arXiv:1410.3449,1.215,1.284,0.0112687922862978,404340025,10.7036,60.294325261524,1.167,0.892,0.0397,4.26111308777915E-08,2.6755463
302,WASP-111,SPOC,120, TEP  ,21.0,55.0,4.23,-22.0,36.0,45.2,10.26,9.0,0.1373,0.6,2458337.13711,0.00034,2.31096978,6E-07,2020AJ....160..155W,1.85,1.443,0.006138879201,25375553,9.77486,78.1766832259997,1.5,1.83,0.03914,5.97605481274701E-07,2.31096978
303,WASP-112,SPOC,120, TEP  ,22.0,37.0,57.43,-35.0,9.0,13.9,13.33,11.9,0.11987,1.5,2456505.48734,0.00013,3.0353992,3.8E-06,arXiv:1410.3449,1.002,1.191,0.0142556807865332,70440470,12.7923,26.789460720988000,0.807,0.88,0.0382,2.81145500026468E-08,3.0353992
304,WASP-113,SPOC,120, TEP  ,14.0,59.0,29.49,46.0,57.0,36.4,11.77,10.31,0.1791,1.0,2457197.097459,4E-05,4.5421687,4.2E-06,2016A+A...593A.113B,1.608,1.409,0.00774728940396065,310003988,11.191000000000000,65.0310206383643,1.318,0.475,0.05885,1.13966258758794E-08,4.5421687
306,WASP-117,SPOC,120, TEP  ,2.0,27.0,6.09,-50.0,17.0,4.3,10.15,8.78,0.2475,0.8,2457355.51373,0.00055,10.020607,1.1E-05,arXiv:1812.05882,1.17,1.021,0.00768386352860143,166739520,9.6411,150.324140597378,1.126,0.2755,0.09459,1.47091169227974E-10,10.020607
308,WASP-119,SPOC,120, TEP  ,3.0,43.0,43.96,-65.0,11.0,37.8,12.27,10.55,0.126,1.4,2458409.903247,8.6E-05,2.4998052,1.7E-06,arXiv:2005.01684,1.2,1.4,0.0137338867361111,388104525,11.6035,58.562763055860000,1.02,1.23,0.0363,9.88503589896055E-08,2.4998052000000000
309,WASP-120,SPOC,120, TEP  ,4.0,10.0,27.85,-45.0,53.0,53.6,10.96,9.88,0.1483,0.7,2456779.43556,0.00051,3.6112706,4.3E-06,2016PASP..128f4401T,1.87,1.473,0.0062606894621300300,152476657,10.5831,60.0394818314049,1.393,4.85,0.0514,4.60769014252404E-07,3.6112706
310,WASP-121,SPOC,120, TEP  ,7.0,10.0,24.06,-39.0,5.0,50.6,10.52,9.37,0.1211,1.7,2456635.708314,1.1E-05,1.27492476,1.2E-07,2020AJ....160..155W,1.44,1.865,0.0169251517122697,22529346,10.056000000000000,178.319124770154,1.38,1.183,0.02544,1.03426729035525E-06,1.27492476
311,WASP-122,SPOC,120, TEP  ,7.0,13.0,12.34,-42.0,24.0,35.1,11.0,9.42,0.09117,1.4,2457114.96893,0.00029,1.7100534,5.1E-07,2020AJ....160..155W,1.52,1.743,0.0132680616408079,134537478,10.3887,105.485105263948,1.239,1.284,0.03005,7.12507567808413E-07,1.7100534
312,WASP-123,SPOC,120, TEP  ,19.0,17.0,55.05,-32.0,51.0,35.9,11.03,9.36,0.1289,1.1,2456845.17082,0.00039,2.9776412,2.3E-06,2016PASP..128f4401T,1.285,1.318,0.0106151087390331,31858843,10.4293,96.2571455550566,1.166,0.899,0.04263,3.98382564111287E-08,2.9776412
313,WASP-124,SPOC,120, TEP  ,22.0,10.0,51.43,-30.0,44.0,58.3,12.7,11.31,0.142,1.7,2457028.5834,0.0001,3.37265,1E-06,2016A+A...591A..55M,1.02,1.24,0.0149122408342945,97409519,12.1893,50.820439602871400,1.07,0.6,0.0449,7.04428360723882E-09,3.37265
314,WASP-126,SPOC,120, TEP  ,4.0,13.0,29.75,-69.0,13.0,36.6,11.2,9.6,0.142,0.7,2456890.32163,0.00027,3.2887853000000000,4.9E-07,arXiv:2103.12139,1.27,0.96,0.00576547251782503,25155310,10.6103,57.8120967229214,1.12,0.28,0.0449,9.39781982681627E-09,3.2887853000000000
315,WASP-127,SPOC,120, TEP  ,10.0,42.0,14.08,-3.0,50.0,6.3,10.16,8.64,0.1814,1.1,2457248.74141,0.00022,4.1780647,1.1E-06,arXiv:2103.12139,1.333,1.311,0.00975989098418781,169226822,9.629590000000000,178.037643157048,0.95,0.165,0.052000000000000000,3.99203714772398E-09,4.1780647
316,WASP-129,SPOC,120, TEP  ,11.0,45.0,11.75,-42.0,3.0,50.3,12.12,10.41,0.1119,1.2,2457027.4373,0.0002,5.748145,4E-06,2016A+A...591A..55M,0.9,0.93,0.0107740940027778,61538902,11.3743,54.8955163883589,1.0,1.0,0.0628,1.25520463605173E-09,5.748145
317,WASP-130,SPOC,120, TEP  ,13.0,32.0,25.42,-42.0,28.0,31.0,11.11,9.46,0.155,1.0,2456921.14307,0.00025,11.55098,1E-05,2017MNRAS.465.3693H,0.96,0.89,0.0086723626304796,243200602,10.491,92.56676463098010,1.04,1.23,0.1012,1.88636435326672E-10,11.55098
318,WASP-131,SPOC,120, TEP  ,14.0,0.0,46.44,-30.0,35.0,0.8,10.08,8.57,0.1596,0.6,2456919.8236,0.0004,5.322023,5E-06,2017MNRAS.465.3693H,1.526,1.204,0.00628121687484218,271168962,9.47199,98.94003128609010,1.002,0.27,0.0597,6.10516296706538E-09,5.3220230000000000
319,WASP-132,SPOC,120, TEP  ,14.0,30.0,26.22,-46.0,9.0,33.0,12.4,9.67,0.1284,1.8,2456698.2076,0.0004,7.133521,9E-06,2017MNRAS.465.3693H,0.74,0.87,0.0139468120384405,127530399,11.1116,104.17622197994800,0.8,0.41,0.067,1.74895510318632E-10,7.133521000000000
322,WASP-135,SPOC,120, TEP  ,17.0,49.0,8.4,29.0,52.0,44.9,13.28,11.04,0.069,2.0,2458249.55918,0.0005,1.4013776,1.6E-06,arXiv:2106.02610,0.96,1.3,0.0185030840115017,308172249,12.4197,35.4549187600007,0.98,1.9,0.0243,3.87393677586553E-07,1.4013776000000000
323,WASP-136,SPOC,120, TEP  ,0.0,1.0,18.17,-8.0,55.0,34.6,9.98,8.81,0.2272,0.4,2456776.90615,0.00109,5.215357,6E-06,2017A+A...599A...3L,2.21,1.38,0.00393435466943756,176220787,9.4834,78.23344119891670,1.41,1.51,0.0661,9.28992294481729E-08,5.215357
324,WASP-137,SPOC,120, TEP  ,1.0,43.0,29.09,-14.0,8.0,56.8,10.89,9.46,0.1425,0.8,2456937.6134,0.0011,3.9080284,5.3E-06,arXiv:1812.09264,1.52,1.27,0.007044012990066660,404467699,10.2676,80.78941826203760,1.216,0.681,0.0519,2.50550280668699E-08,3.9080284
325,WASP-138,SPOC,120, TEP  ,2.0,46.0,33.37,0.0,27.0,50.0,11.81,10.49,0.1572,0.7,2457326.62183,0.00032,3.634433,5E-06,2017A+A...599A...3L,1.36,1.09,0.00648149307431336,35857242,11.3161,39.3951716182238,1.22,1.22,0.0494,3.28367376641228E-08,3.634433
326,WASP-139,SPOC,120, TEP  ,3.0,18.0,14.91,-41.0,18.0,7.4,12.39,10.47,0.118,1.3,2457196.7933,0.0003,5.924262,4E-06,2017MNRAS.465.3693H,0.8,0.8,0.0100902025,159951311,11.7276,48.482470959996800,0.92,0.117,0.062,9.44473393393299E-11,5.9242620000000000
327,WASP-140,SPOC,120, TEP  ,4.0,1.0,32.53,-20.0,27.0,3.9,11.13,9.17,0.0631,1.9,2456912.35105,0.00015,2.2359835,8E-07,2017MNRAS.465.3693H,0.87,1.44,0.0276430755766944,178284730,10.3074,124.806919268743,0.9,2.44,0.0323,7.98051970854029E-08,2.2359835
328,WASP-141,SPOC,120, TEP  ,4.0,47.0,17.84,-17.0,6.0,54.6,12.42,11.19,0.15,1.0,2457019.5953,0.0003,3.310651,5E-06,2017MNRAS.465.3693H,1.37,1.21,0.00787099231725185,117979897,12.0682,33.4045768004142,1.25,2.69,0.0469,9.50344564965812E-08,3.310651
329,WASP-142,SPOC,120, TEP  ,9.0,22.0,1.43,-23.0,56.0,45.8,12.3,11.44,0.1117,0.9,2457007.7779,0.0004,2.052868,2E-06,2017MNRAS.465.3693H,1.64,1.53,0.00878203265625,423275733,12.3368,21.52429568244,1.33,0.84,0.0347,3.09242885888161E-07,2.052868
332,WASP-145,SPOC,120, TEP  ,21.0,29.0,0.9,-58.0,50.0,10.1,11.5,9.19,0.0407,0.9,2456844.16526,0.00026,1.7690381,8E-07,arXiv:1803.02224,0.68,0.9,0.0176753114727509,381856447,10.7218,37.233922806765900,0.76,0.89,0.0261,2.91889617430937E-08,1.7690381000000000
338,WASP-153,SPOC,120, TEP  ,18.0,37.0,2.97,40.0,1.0,7.4,12.79,11.05,0.16,0.9,2453142.542,0.003,3.332609,2E-06,2018A+A...610..A63D,1.73,1.55,0.008099739886481340,157586003,12.0545,31.343344785680400,1.336,0.39,0.048,3.68623216029243E-08,3.332609
339,WASP-156,SPOC,120, TEP  ,2.0,11.0,7.61,2.0,25.0,4.8,11.57,9.34,0.1,0.5,2454677.707,0.002,3.836169,3E-06,2018A+A...610..A63D,0.76,0.51,0.00454373557868767,270380593,10.7307,32.2514387559778,0.842,0.128,0.0453,4.19541605289529E-10,3.836169
347,WASP-164,SPOC,120, TEP  ,22.0,59.0,29.62,-60.0,26.0,52.0,12.63,10.96,0.06682,1.5,2457203.85378,0.0002,1.7771255,2.8E-06,arXiv:1807.06973,0.932,1.128,0.0147804023579362,237320326,12.003,34.9693056568643,0.95,2.13,0.02818,1.84217473675765E-07,1.7771255
355,WASP-173,SPOC,120, TEP  ,23.0,36.0,40.32,-34.0,36.0,40.4,11.15,10.0,0.0957,1.3,2457288.8585,0.0002,1.38665318,2.7E-07,arXiv:1803.02224,1.11,1.2,0.0117927859751644,77031414,10.9571,71.48542076041330,1.05,3.69,0.0248,1.31067121942842E-06,1.38665318
357,WASP-175,SPOC,120, TEP  ,11.0,5.0,16.6,-34.0,7.0,20.3,12.65,11.47,0.1115,1.1,2457143.78886,0.00034,3.0652907,1.4E-06,arXiv:1904.10388,1.204,1.208,0.010157358404543000,448589187,12.3077,26.8271024812252,1.212,0.99,0.04403,2.59311506461995E-08,3.0652907000000000
363,WASP-182,SPOC,120, TEP  ,20.0,46.0,41.58,-41.0,49.0,15.2,11.99,10.43,0.1082,0.5,2458018.66018,0.00067,3.3769848,2.4E-06,arXiv:1904.10388,1.34,0.85,0.00406001966264758,369455629,11.4513,21.4030027088072,1.076,0.148,0.0451,6.61288442684609E-09,3.3769848
374,XO-2,SPOC,120, TEP  ,7.0,48.0,6.47,50.0,13.0,33.0,11.25,9.31,0.1126,1.4,2454147.75066,0.00012,2.61585937,2.4E-07,2018IBVS.6243....1M,0.998,1.019,0.0105193079125209,356473034,10.4467,113.348440700953,0.96,0.597,0.03616,2.06782557131578E-08,2.61585937
375,XO-3,SPOC,120, TEP  ,4.0,21.0,52.7,57.0,49.0,1.9,9.91,8.79,0.1192,0.8,2454721.14865,0.00014,3.191526,5E-08,arXiv:2012.07478,1.409,1.248,0.007916023351132660,8400842,9.441,115.85393973189800,1.206,11.83,0.04529,5.93582385858353E-07,3.191526
376,XO-4,SPOC,120, TEP  ,7.0,21.0,33.17,58.0,16.0,5.0,10.67,9.41,0.18448,0.8,2455067.5685,0.0003,4.1250683,1.3E-07,arXiv:2012.07478,1.554,1.317,0.00724718592448868,51234631,10.1653,97.4161064247595,1.293,1.615,0.05485,4.73419476306904E-08,4.1250683
378,XO-6,SPOC,120, TEP  ,6.0,19.0,10.36,73.0,49.0,39.6,10.25,9.25,0.125,1.4,2456652.7157,0.0022,3.7649893,3.7E-06,arXiv:2009.10781,1.93,2.08,0.0117195769271658,138168780,9.88278,164.15311366216000,1.47,2.01,0.0725,3.79555632813813E-08,3.7649893
379,XO-7,SPOC,120, TEP  ,18.0,29.0,54.93,85.0,13.0,59.6,10.52,9.24,0.1155,0.9,2457917.47503,0.00045,2.8641424,4.3E-06,arXiv:1912.02821,1.48,1.373,0.00868395423147485,268403451,10.0521,92.3961293745998,1.405,0.709,0.04421,4.40530639442952E-08,2.8641424
301,WASP-110,TESS-SPOC,600, TEP  ,20.0,23.0,29.55,-44.0,3.0,30.3,12.27,10.7,0.11658,2.1,2457934.73871,0.00015,3.77840121,8.2E-07,arXiv:2105.06522,0.881,1.238,0.0199245882238479,425817867,12.0491,62.658771611671,0.892,0.51,0.0457,3.16085133136319E-09,3.77840121
10,HAT-P-01,QLP,1800, TEP  ,22.0,57.0,46.83,38.0,40.0,29.8,10.4,8.86,0.11875,1.7,2453979.93202,0.00024,4.46529976,5.5E-07,2014MNRAS.437...46N,1.174,1.319,0.0127365932451864,346338552,9.76031,207.615297807212,1.151,0.525,0.05561,3.97155146849979E-09,4.46529976
15,HAT-P-06,TESS-SPOC,1800, TEP  ,23.0,39.0,5.81,42.0,27.0,57.5,10.54,9.31,0.1461,1.0,2454035.67617,0.00025,3.853003,1.4E-06,2012ApJ...746..111T,1.518,1.395,0.00852127839664149,176899385,9.99577,119.130582972075,1.295,1.063,0.05244,3.4642493562508E-08,3.853003
27,HAT-P-19,TESS-SPOC,1800, TEP  ,0.0,38.0,4.02,34.0,42.0,41.7,12.9,10.55,0.11804,2.2,2457031.78609,0.00015,4.00878236,5E-07,arXiv:1911.07903,0.788,1.089,0.0192709536431667,267650535,11.9475,70.7921003180185,0.834,0.29,0.04649,1.010102648689E-09,4.00878236
33,HAT-P-25,TESS-SPOC,1800, TEP  ,3.0,13.0,44.51,25.0,11.0,50.7,13.19,10.81,0.113,1.9,2457006.91299,0.00021,3.65281591,6.7E-07,arXiv:1812.05882,0.919,1.135,0.0153907783044238,35022727,12.2192,49.625939749952,1.012,0.569,0.0466,3.48241025846555E-09,3.65281591
37,HAT-P-29,TESS-SPOC,1800, TEP  ,2.0,12.0,31.46,51.0,46.0,43.5,11.9,10.3,0.1463,0.9,2457092.00345,0.00128,5.72339773,7.2E-06,arXiv:1812.05882,1.237,1.064,0.007465239388224440,250707118,11.2791,50.0286951064074,1.199,0.767,0.0665,2.95812593172185E-09,5.72339773
40,HAT-P-32,TESS-SPOC,1800, TEP  ,2.0,4.0,10.27,46.0,41.0,16.2,11.29,9.99,0.12959,3.0,2458881.71392,0.00027,2.15000815,1.3E-07,arXiv:2007.13381,1.225,1.807,0.021955534276,292152376,10.7696,215.188925420506,1.182,0.8,0.03448,7.95457304664375E-08,2.15000815
46,HAT-P-38,TESS-SPOC,1800, TEP  ,2.0,21.0,31.97,32.0,14.0,46.1,12.56,10.5,0.1267,1.2,2457491.87585,9E-05,4.6403293,1.7E-06,arXiv:1812.05882,0.923,0.825,0.00806128688724354,285272237,11.7524,45.6144560016004,0.886,0.267,0.0523,1.07121786371133E-09,4.6403293000000000
48,HAT-P-40,TESS-SPOC,1800, TEP  ,22.0,22.0,3.33,45.0,27.0,26.6,11.34,10.01,0.2557,0.4,2455813.17584,0.00054,4.457243,1E-05,2012AJ....144..139H,2.206,1.73,0.00620556133117748,199671901,10.9726,35.612273683651300,1.512,0.615,0.0608,5.31047263058073E-08,4.457243
55,HAT-P-47,TESS-SPOC,1800, TEP  ,2.0,33.0,13.97,30.0,21.0,37.8,10.69,9.4,0.1287,0.8,2455661.63669,0.00041,4.732182,1.3E-05,arXiv:1606.04556,1.515,1.313,0.007578863211111110,73448352,10.1868,80.38436413372620,1.387,0.206,0.0615,2.79755446668416E-09,4.732182
56,HAT-P-48,TESS-SPOC,1800, TEP  ,2.0,57.0,53.03,30.0,37.0,32.5,12.16,10.26,0.1411,1.0,2455839.21023,0.00029,4.40865,8E-06,arXiv:1606.04556,1.223,1.131,0.00862923264849615,346626688,11.4453,49.0726730675362,1.099,0.168,0.0543,1.83969120725222E-09,4.40865
57,HAT-P-49,TESS-SPOC,1800, TEP  ,20.0,21.0,45.93,26.0,41.0,33.7,10.21,9.35,0.1712,0.8,2456399.62406,0.00063,2.691548,6E-06,2014AJ....147...84B,1.833,1.413,0.00599596757964995,99224131,9.93225,106.842637384976,1.543,1.73,0.0438,2.98828596771008E-07,2.691548
59,HAT-P-51,QLP,1800, TEP  ,1.0,24.0,15.66,32.0,48.0,38.8,13.44,11.61,0.1403,2.0,2456194.12204,0.0004,4.2180278,5.9E-06,2015AJ....150..168H,1.041,1.293,0.0155666611848159,61205803,12.7628,39.4873181359401,0.976,0.309,0.05069,2.40132564703353E-09,4.2180278
60,HAT-P-52,QLP,1800, TEP  ,2.0,50.0,53.2,29.0,1.0,20.6,14.07,11.62,0.1003,1.8,2456645.13981,0.00032,2.7535965,1.1E-06,arXiv:1812.05882,0.893,1.009,0.0128818814136108,436875934,13.1361,22.767443350732,0.887,0.818,0.03694,1.58089391886127E-08,2.7535965
61,HAT-P-53,QLP,1800, TEP  ,1.0,27.0,29.05,38.0,58.0,5.3,13.73,12.1,0.1164,1.5,2456514.0562,0.00025,1.9616265,7E-07,arXiv:2012.07478,1.209,1.318,0.0119916267144541,189380158,13.0942,21.0949808272223,1.093,1.484,0.03159,2.31471390146882E-07,1.9616265
111,HATS-35,QLP,1800, TEP  ,19.0,46.0,45.12,-63.0,33.0,56.2,12.56,11.12,0.1299,1.3,2456981.80199,0.00041,1.8209993,1.6E-06,2016AJ....152..161D,1.433,1.464,0.0105314860013567,339522221,12.0457,41.0402816198146,1.317,1.222,0.03199,3.47492462449775E-07,1.8209993
114,HATS-38,QLP,1800, TEP  ,10.0,17.0,5.08,-25.0,16.0,34.6,12.41,10.77,0.134,0.5,2457725.16042,0.00072,4.375021,1E-05,arXiv:2007.07135,1.105,0.614,0.00311538746683319,168281028,11.8134,18.7651742660393,0.89,0.074,0.05036,8.78061028704239E-10,4.375021
146,HATS-72,TESS-SPOC,1800, TEP  ,22.0,36.0,6.32,-16.0,59.0,59.8,12.47,9.76,0.12853,1.1,2458087.64782,8.0,7.3279474,1.6E-06,arXiv:2002.05776,0.7214,0.7224,0.0101181958351445,188570092,11.3875,53.475283071125,0.7311,0.1254,0.06652,5.34244974897854E-11,7.3279474
166,KELT-21,TESS-SPOC,1800, TEP  ,20.0,19.0,12.0,32.0,34.0,51.8,10.48,10.09,0.17106,1.1,2457382.64073,0.00041,3.6127628,2.8E-06,arXiv:1712.03241,1.638,1.586,0.0094597237345679,203189770,10.4219,111.36469869322000,1.458,0.0,0.05224,0.0,3.6127628
188,Qatar-4,QLP,1800, TEP  ,0.0,19.0,26.22,44.0,1.0,39.4,13.6,11.52,0.0891,2.1,2458293.1227,0.00015,1.805369,7E-07,arXiv:2012.07478,0.849,1.135,0.0180333422339349,440113053,12.8416,31.1848263041256,0.896,6.1,0.02803,3.60366983027191E-07,1.805369
191,Qatar-7,QLP,1800, TEP  ,23.0,54.0,3.63,37.0,1.0,18.6,13.03,11.56,0.1491,1.2,2458043.32075,0.00016,2.03207,1.7E-06,arXiv:1812.05601,1.564,1.7,0.0119213167533081,291685334,12.489,29.766644037541100,1.409,1.88,0.0352,4.79752767301513E-07,2.03207
192,Qatar-8,TESS-SPOC,1800, TEP  ,10.0,29.0,38.96,70.0,31.0,37.5,11.53,9.94,0.1678,1.1,2458210.8392,0.001,3.7146428,6E-07,2020AcA....70..181M,1.315,1.285,0.009635064623205480,103751498,10.9101,82.4386488163983,1.029,0.371,0.0474,1.2302568638609E-08,3.7146428
193,Qatar-9,TESS-SPOC,1800, TEP  ,10.0,42.0,59.54,60.0,57.0,50.8,14.13,11.1,0.0778,2.8,2458227.75643,0.00027,1.540731,3.8E-05,2019AJ....157..224A,0.696,1.009,0.0212062430873516,149918151,12.9178,36.7267870724727,0.719,1.19,0.0234,7.9999116022489E-08,1.540731
198,TrES-5,QLP,1800, TEP  ,20.0,20.0,53.24,59.0,26.0,55.6,13.72,11.59,0.075,2.2,2455443.25271,0.00011,1.48224754,1.7E-07,2016AcA....66...55M,0.868,1.194,0.0190927763534079,233948455,12.883,29.071988068512800,0.901,1.79,0.02446,2.32137235681315E-07,1.48224754
199,WASP-001,TESS-SPOC,1800, TEP  ,0.0,20.0,40.08,31.0,59.0,23.8,11.31,10.28,0.155,1.2,2453912.51504,0.00035,2.51994529,5E-08,2016MNRAS.459..789T,1.47,1.483,0.0102694578027778,57984377,11.1355,75.1735696098717,1.24,0.854,0.03889,1.10340094012636E-07,2.51994529
208,WASP-011,TESS-SPOC,1800, TEP  ,3.0,9.0,28.55,30.0,40.0,24.9,11.89,9.42,0.109,2.2,2454729.90716,0.0002,3.72247967,4.5E-07,2015A+A...579A.136M,0.772,0.99,0.0165934110148091,85593751,10.9332,131.01783316923600,0.806,0.492,0.04375,2.16833550914999E-09,3.72247967
298,WASP-107,QLP,1800, TEP  ,12.0,33.0,32.84,-10.0,8.0,46.1,11.59,8.64,0.11411,2.7,2457584.329746,1.1E-05,5.72149242,4.6E-07,2017MNRAS.469.1622M,0.67,0.924,0.0191908503667632,429302040,10.418,223.763619484823,0.683,0.096,0.0553,7.61901962911004E-11,5.72149242
330,WASP-143,QLP,1800, TEP  ,9.0,23.0,22.96,2.0,55.0,57.1,12.58,11.32,0.1286,1.9,2457099.94471,0.00015,3.778873,3.2E-06,arXiv:1812.09264,1.013,1.234,0.0149730857179373,286099128,12.239,52.21519644374540,1.087,0.725,0.049,5.22968457253544E-09,3.778873
335,WASP-148,TESS-SPOC,1800, TEP  ,16.0,56.0,31.32,44.0,18.0,9.4,12.04,10.51,0.129,0.7,2457957.4877,0.0059,8.80381,4.3E-06,arXiv:2004.14645,1.03,0.722,0.00495792357433311,115524421,11.5906,29.879809688252600,1.0,0.291,0.0845,1.62590727351633E-10,8.80381
336,WASP-150,TESS-SPOC,1800, TEP  ,17.0,37.0,3.14,53.0,1.0,16.4,12.03,10.75,0.1299,0.4,2457217.2614,0.0004,5.644207,4E-06,arXiv:2004.06622,1.651,1.07,0.00423812040653371,321668398,11.5429,17.6768252442955,1.394,8.46,0.0694,9.60164863918919E-08,5.644207
343,WASP-160,QLP,1800, TEP  ,5.0,50.0,43.06,-27.0,37.0,23.4,13.09,11.06,0.11855,2.0,2457383.65494,0.00021,3.768495,3.4E-06,arXiv:1807.06973,0.872,1.093,0.0158528458337136,32949762,12.3352,49.3321109186598,0.89,0.281,0.0455,1.69489173057199E-09,3.768495
365,WASP-184,QLP,1800, TEP  ,13.0,58.0,4.09,-30.0,20.0,53.3,12.71,11.26,0.19900000000000000,0.7,2457630.008,0.001,5.1817,1E-05,arXiv:1907.11667,1.65,1.33,0.00655594461056015,112099249,12.1577,25.3212721374341,1.23,0.57,0.0627,1.21437262134879E-08,5.1817
20,HAT-P-12,"SPOC, TESS-SPOC","1800, 120", TEP  ,13.0,57.0,33.47,43.0,29.0,36.8,12.8,10.11,0.0974,2.0,2456446.635829,3.6E-05,3.21305766,1.3E-07,arXiv:1810.02172,0.679,0.919,0.0184838040729621,198108326,11.7551,66.5366691570333,0.691,0.201,0.03767,1.14918245426067E-09,3.21305766
52,HAT-P-44,"TESS-SPOC, SPOC","1800, 120", TEP  ,14.0,12.0,34.56,47.0,0.0,52.9,13.21,11.28,0.1302,2.1,2456204.47794,0.00019,4.3011886,1E-06,arXiv:1812.05882,0.949,1.242,0.0172826624989424,168699373,12.4474,50.1422902011831,0.942,0.352,0.0507,1.78272039200407E-09,4.3011886
76,HAT-P-69,"QLP, SPOC","1800, 120", TEP  ,8.0,42.0,1.35,3.0,42.0,38.0,9.77,9.28,0.2117,0.8,2458495.78818,0.00072,4.7869467,2E-06,arXiv:1906.00462,1.854,1.626,0.007761068294241790,379929661,9.6129,141.119181236597,1.698,3.73,0.06629,7.80512577720872E-08,4.7869467000000000
77,HAT-P-70,"TESS-SPOC, SPOC","1800, 120", TEP  ,4.0,58.0,12.56,9.0,59.0,52.7,9.47,8.96,0.145,1.0,2458439.57519,0.00041,2.74432452,7.3E-07,arXiv:1906.00462,1.858,1.87,0.010220959700133000,399870368,9.3371,168.487259876015,1.89,0.0,0.04739,0.0,2.74432452
115,HATS-39,"QLP, SPOC","1800, 120", TEP  ,7.0,29.0,40.63,-29.0,56.0,16.4,12.75,11.52,0.1555,1.4,2457315.28338,0.00055,4.5776348,7.3E-06,2018MNRAS.477.3406B,1.621,1.57,0.00946527327829411,112604564,12.3213,39.938150645013000,1.379,0.63,0.06007,1.3573861197524E-08,4.5776348
116,HATS-40,"QLP, SPOC","1800, 120", TEP  ,6.0,42.0,17.1,-29.0,46.0,36.5,13.38,12.15,0.2221,0.8,2456962.676,0.001,3.2642736,5.8E-06,2018MNRAS.477.3406B,2.26,1.58,0.00493170599126792,172598832,12.941000000000000,17.4270158390797,1.561,1.59,0.04997,4.00211787566704E-07,3.2642736
117,HATS-41,"TESS-SPOC, SPOC","1800, 120", TEP  ,6.0,54.0,4.18,-27.0,3.0,1.4,12.68,11.5,0.0915,0.5,2456795.724,0.0014,4.193649,1.3E-05,2018MNRAS.477.3406B,1.71,1.33,0.00610394966049383,53750200,12.2309,11.6561848375514,1.496,9.7,0.0583,2.92265885084773E-07,4.193649
118,HATS-42,"QLP, SPOC","1800, 120", TEP  ,7.0,13.0,48.58,-33.0,26.0,14.4,13.62,12.25,0.1361,1.2,2456768.60734,0.00069,2.292102,2.1E-06,2018MNRAS.477.3406B,1.48,1.4,0.00902885176223521,98283926,13.1472,17.533099643938200,1.273,1.88,0.03689,3.18709458597605E-07,2.292102
126,HATS-51,"TESS-SPOC, QLP, SPOC","1800, 120", TEP  ,6.0,51.0,23.4,-29.0,3.0,31.0,12.47,10.87,0.1384,1.3,2457042.00405,0.00058,3.3488702,3.9E-06,2018AJ....155...79H,1.44,1.41,0.00967415682400174,53458803,11.8656,47.875144860603,1.187,0.768,0.04639,3.87169649285202E-08,3.3488702000000000
127,HATS-52,"QLP, SPOC","1800, 120", TEP  ,9.0,20.0,21.05,-31.0,16.0,9.6,13.67,12.11,0.0871,2.0,2456929.03039,0.00033,1.36665436,9.4E-07,2018AJ....155...79H,1.046,1.382,0.0176137812806046,19684256,13.1758,22.8762789733986,1.111,2.24,0.02498,5.38927590533949E-07,1.36665436
128,HATS-53,"QLP, SPOC","1800, 120", TEP  ,11.0,46.0,30.72,-33.0,51.0,36.2,14.14,12.05,0.1461,2.0,2457236.75653,0.00049,3.8537768,3.8E-06,2018AJ....155...79H,1.101,1.34,0.0149463394346317,157266693,13.1648,29.875852422685400,0.964,0.595,0.04753,8.54747149877778E-09,3.8537768
131,HATS-56,"QLP, SPOC","1800, 120", TEP  ,12.0,0.0,39.63,-45.0,47.0,58.0,11.58,10.25,0.1934,0.7,2457788.0029,0.0012,4.324799,2.7E-05,arXiv:1812.07668,2.201,1.688,0.00593478078139279,272213425,11.1138,49.6526709861096,1.573,0.602,0.06043,5.09336988631515E-08,4.324799
132,HATS-57,"TESS-SPOC, SPOC","1800, 120", TEP  ,4.0,3.0,47.6,-19.0,3.0,24.3,12.34,10.71,0.1037,1.9,2457778.49589,0.00025,2.350621,1.3E-06,arXiv:1812.07668,0.96,1.139,0.0142038103271512,178289267,11.7076,67.31487490485420,1.026,3.147,0.03493,9.98648893783885E-08,2.350621
134,HATS-59,"QLP, SPOC","1800, 120", TEP  ,11.0,21.0,18.0,-22.0,23.0,17.4,13.95,12.24,0.1497,1.5,2456620.66527,0.00052,5.416081,1.6E-05,arXiv:1805.05925,1.036,1.126,0.0119194756943937,437261733,13.2958,20.5281566981359,1.038,0.806,0.06112,2.25590051621758E-09,5.416081
135,HATS-60,"TESS-SPOC, SPOC","1800, 120", TEP  ,22.0,45.0,27.36,-14.0,59.0,30.3,12.64,10.99,0.1613,0.9,2457987.23688,0.00089,3.560827,2.6E-05,arXiv:1809.01048,1.46,1.194,0.00674843119313661,145750719,12.0213,32.193938889639500,1.0988,0.65,0.0471,3.51523736003223E-08,3.560827
136,HATS-61,"QLP, SPOC","1800, 120", TEP  ,4.0,6.0,37.87,-25.0,20.0,59.0,13.23,11.48,0.2307,0.6,2457673.0611,0.0013,7.817954,2.1E-05,arXiv:1809.01048,1.667,1.201,0.00523738737898581,44745133,12.5757,17.398326065561000,1.075,3.4,0.07904,2.74040026064862E-08,7.8179540000000000
138,HATS-63,"QLP, SPOC","1800, 120", TEP  ,4.0,29.0,40.45,-28.0,11.0,50.2,13.89,12.22,0.1019,1.5,2457659.93755,0.00086,3.0566528,4.7E-06,arXiv:1809.01048,1.07,1.207,0.0128394632037056,178879588,13.2554,17.4677214656322,0.931,0.96,0.04026,2.83904184596768E-08,3.0566528
142,HATS-68,"TESS-SPOC, SPOC","1800, 120", TEP  ,1.0,0.0,1.41,-58.0,54.0,17.1,12.28,10.95,0.142,0.6,2457650.68635,0.00087,3.5862234,4.8E-06,arXiv:1809.01048,1.769,1.284,0.00531586892430755,322307342,11.7806,23.695037645071800,1.337,1.286,0.05053,1.05027358003199E-07,3.5862234
143,HATS-69,"QLP, SPOC","1800, 120", TEP  ,19.0,17.0,11.36,-60.0,53.0,30.1,13.95,11.88,0.0982,1.8,2457755.3939,0.00052,2.2252577,1.9E-06,arXiv:1809.01048,0.8785,0.945,0.0116756204226917,467971286,13.191000000000000,21.610675627723700,0.892,0.0,0.03211,0.0,2.2252577
144,HATS-70,"QLP, SPOC","1800, 120", TEP  ,7.0,16.0,25.08,-31.0,14.0,39.9,12.57,12.04,0.151,0.7,2456911.87486,0.00084,1.8882378,1.5E-06,arXiv:1811.06925,1.881,1.384,0.0054625380020411700,98545929,12.4539,17.9167077931332,1.78,12.9,0.03632,5.60640790646987E-06,1.8882378
163,KELT-18,"TESS-SPOC, SPOC","1800, 120", TEP  ,14.0,26.0,5.78,59.0,26.0,39.2,10.21,9.21,0.1935,0.85,2457542.52463,0.00057,2.8716992,1.3E-06,2020AcA....70..181M,1.908,1.57,0.0068319148719091900,293687315,9.823,128.100007338111,1.524,1.18,0.0455,2.08464503162821E-07,2.8716992
169,KELT-25,"QLP, SPOC","1800, 120", TEP  ,7.0,12.0,29.55,-24.0,57.0,12.8,9.84,9.3,0.2051,0.56,2458493.31501,0.00037,4.401131,5.9E-05,arXiv:1912.01017,2.264,1.642,0.00530754081654667,65412605,9.50712,102.78557100111800,2.18,0.0,0.0681,0.0,4.401131
172,MASCARA-4,"QLP, SPOC","1800, 120", TEP  ,9.0,50.0,19.2,-66.0,6.0,49.9,8.19,7.75,0.165,0.5,2458505.817,0.003,2.82406,3E-05,arXiv:1904.02733,1.92,1.53,0.00640737712463379,371443216,8.0552,164.062418519945,1.75,3.1,0.047,4.18447237524086E-07,2.82406
174,NGTS-02,"QLP, SPOC","1800, 120", TEP  ,14.0,20.0,29.49,-31.0,12.0,6.7,10.96,9.8,0.1944,1.1,2457501.99114,0.0005,4.5111204,1.8E-06,arXiv:1809.07709,1.62,1.536,0.00907093979478738,125739286,10.5288,111.53346696921900,1.302,0.67,0.0584,1.75499087107791E-08,4.5111204
177,NGTS-09,"QLP, SPOC","1800, 120", TEP  ,9.0,27.0,40.96,-19.0,20.0,50.3,12.8,11.45,0.085,0.5,2457671.8109,0.0027,4.43527,2E-05,arXiv:1911.02814,1.38,1.07,0.00606609580038333,176685457,12.2682,10.945711733334,1.34,2.9,0.058,3.42648527523579E-08,4.43527
179,NGTS-11,"TESS-SPOC, SPOC","1800, 120", TEP  ,1.0,34.0,5.15,-14.0,25.0,8.9,12.46,10.32,0.14,1.0,2458390.7042,0.002,35.455285,0.0002,arXiv:2005.00006,0.832,0.823,0.009873085546185190,54002556,11.6235,43.5173851258395,0.862,0.37,0.201,1.08300636416436E-12,35.455285
184,Qatar-1,"TESS-SPOC, SPOC","1800, 120", TEP  ,20.0,13.0,31.62,65.0,9.0,43.5,12.84,10.41,0.06921,2.3,2455647.6336,8E-05,1.4200236,1E-07,2021AJ....161..108S,0.803,1.143,0.0204437825246275,236887394,11.8478,60.61964707106710,0.838,1.294,0.02332,1.55212058857794E-07,1.4200236000000000
185,Qatar-10,"TESS-SPOC, SPOC","1800, 120", TEP  ,18.0,57.0,46.54,69.0,34.0,15.0,12.88,11.38,0.1155,1.8,2458247.90746,0.00036,1.645321,1E-05,2019AJ....157..224A,1.254,1.543,0.0152769501435423,229791084,12.2856,45.37724582148480,1.156,0.736,0.0286,2.14228725069288E-07,1.6453210000000000
195,TrES-2,"TESS-SPOC, SPOC","1800, 120", TEP  ,19.0,7.0,14.04,49.0,18.0,59.0,11.41,9.85,0.07451,1.5,2453957.635499,1.3E-05,2.47061337,1.9E-07,2014MNRAS.444.1351R,0.964,1.193,0.0154534944925218,399860444,10.854000000000000,77.5191172820237,0.991,1.206,0.03567,3.64286839824068E-08,2.47061337
250,WASP-058,"TESS-SPOC, SPOC","1800, 120", TEP  ,18.0,18.0,48.25,45.0,10.0,19.1,11.66,10.29,0.1582,1.4,2457261.0597,0.00062,5.0172131,2.6E-06,arXiv:1812.05882,1.17,1.37,0.0138346855666959,424435940,11.2311,83.4271971325677,0.94,0.89,0.0561,7.75670654990012E-09,5.017213100000000
331,WASP-144,"TESS-SPOC, SPOC","1800, 120", TEP  ,21.0,23.0,3.09,-40.0,2.0,54.4,12.9,10.9,0.0814,1.3,2457157.27493,0.00015,2.2783152,1.3E-06,arXiv:1803.02224,0.81,0.85,0.0111113722088858,207077681,12.3119,27.009619648181900,0.81,0.44,0.0316,1.24812345617957E-08,2.2783152
333,WASP-146,"TESS-SPOC, SPOC","1800, 120", TEP  ,23.0,56.0,22.02,-13.0,16.0,17.6,12.7,11.14,0.0998,1.0,2457109.72182,0.00021,3.396944,3.6E-06,arXiv:1812.09264,1.232,1.228,0.0100247880694731,327952677,12.141000000000000,25.9145554826943,1.057,1.11,0.0451,3.31679803420778E-08,3.3969440000000000
334,WASP-147,"TESS-SPOC, SPOC","1800, 120", TEP  ,23.0,56.0,45.97,-22.0,9.0,11.4,12.3,10.86,0.1831,0.8,2456562.595,0.0013,4.60273,2.7E-05,arXiv:1807.06973,1.37,1.115,0.0066835697176527800,114749636,11.7607,36.3550280655765,1.04,0.275,0.0549,5.31301049983392E-09,4.60273
342,WASP-159,"TESS-SPOC, SPOC","1800, 120", TEP  ,4.0,32.0,32.76,-38.0,58.0,6.0,12.82,11.02,0.2328,0.5,2457668.0849,0.0009,3.840401,7E-06,arXiv:1803.02224,2.11,1.38,0.0043161163587969700,77156657,11.8831,23.6013477824353,1.41,0.55,0.0538,7.51527161070645E-08,3.840401
344,WASP-161,"QLP, SPOC","1800, 120", TEP  ,8.0,25.0,21.09,-11.0,30.0,3.6,11.09,9.84,0.2137,0.6,2457416.5289,0.0011,5.4060425,4.8E-06,arXiv:1807.06548,1.712,1.143,0.004497641362619860,50712784,10.5579,62.701955257847000,1.39,2.49,0.0673,3.96212555370524E-08,5.4060425
345,WASP-162,"QLP, SPOC","1800, 120", TEP  ,11.0,13.0,10.29,-17.0,39.0,28.1,12.21,10.47,0.1774,1.0,2457701.3816,0.0006,9.62468,1E-05,arXiv:1803.02224,1.11,1.0,0.00818943470497524,308098254,11.5688,50.776700084035500,0.95,5.2,0.0871,3.82035801285689E-09,9.62468
348,WASP-165,"TESS-SPOC, SPOC","1800, 120", TEP  ,23.0,50.0,19.31,-17.0,4.0,39.3,12.68,11.02,0.174,0.6,2457649.71142,0.00093,3.465509,2.3E-05,arXiv:1807.06973,1.65,1.26,0.0058840056892562,228381868,12.0719,21.5319195121736,1.25,0.658,0.04823,5.12211704406666E-08,3.4655090000000000
349,WASP-167,"QLP, SPOC","1800, 120", TEP  ,13.0,4.0,10.53,-35.0,32.0,58.3,10.53,9.76,0.1135,0.8,2456592.4643,0.0002,2.0219596,6E-07,2017MNRAS.471.2743T,1.79,1.56,0.007663779783402520,104024556,10.3182,70.0435009740542,1.59,0.0,0.0365,0.0,2.0219596
350,WASP-168,"TESS-SPOC, QLP, SPOC","1800, 120", TEP  ,6.0,26.0,58.7,-46.0,49.0,17.1,11.85,10.44,0.0797,1.0,2457424.5278,0.0004,4.153658,3E-06,arXiv:1803.02224,1.12,1.5,0.0180986572265625,232038798,11.3187,40.0061845435972,1.08,0.42,0.0519,3.77901891029135E-09,4.153658
351,WASP-169,"QLP, SPOC","1800, 120", TEP  ,8.0,29.0,32.97,-12.0,56.0,40.9,12.17,10.48,0.2522,0.5,2457697.0176,0.0014,5.6114118,9.2E-06,arXiv:1904.10388,2.011,1.304,0.00424258863032041,386259537,11.3299,35.3291956942153,1.337,0.561,0.0681,1.95639459151066E-08,5.611411800000000
352,WASP-170,"QLP, SPOC","1800, 120", TEP  ,9.0,1.0,39.93,-20.0,43.0,13.6,12.79,10.76,0.085,1.4,2457802.3915,0.0002,2.34478022,3.6E-07,arXiv:1807.06548,0.938,1.096,0.0137757519358432,118956453,11.9397,38.4311766996658,0.93,1.6,0.0337,5.96763053900325E-08,2.34478022
353,WASP-171,"QLP, SPOC","1800, 120", TEP  ,11.0,27.0,22.86,-44.0,5.0,19.3,13.05,11.07,0.1908,0.4,2458059.8295,0.0011,3.8186244,3.8E-06,arXiv:1904.10388,1.637,0.98,0.00361621859234882,162922904,12.0233,15.5406721003822,1.171,1.084,0.0504,6.94805596743281E-08,3.8186244
354,WASP-172,"QLP, SPOC","1800, 120", TEP  ,13.0,17.0,44.12,-47.0,14.0,15.3,11.09,10.13,0.2206,0.7,2457032.2617,0.0005,5.477433,7E-06,arXiv:1803.02224,1.91,1.57,0.00681761468771415,453789494,10.7316,67.0262858247116,1.49,0.47,0.0694,1.03414462636636E-08,5.477433
360,WASP-178,"QLP, SPOC","1800, 120", TEP  ,15.0,9.0,4.89,-42.0,42.0,17.8,9.95,9.7,0.1446,1.2,2456927.06839,0.00047,3.3448285,1.2E-06,arXiv:1907.11667,1.67,1.81,0.0118528855140916,160708862,9.8787,151.669618655808,2.07,1.66,0.0558,3.99806002159374E-08,3.3448285
361,WASP-180,"QLP, SPOC","1800, 120", TEP  ,8.0,13.0,34.15,-1.0,58.0,57.9,10.68,9.81,0.13,1.3,2457763.3147,0.0003,3.409265,1E-06,arXiv:1903.08002,1.19,1.29,0.0118572883131488,178367144,10.5572,106.00388226976100,1.3,0.8,0.048,1.19667291332628E-08,3.409265
364,WASP-183,"QLP, SPOC","1800, 120", TEP  ,10.0,55.0,9.36,0.0,44.0,13.7,12.76,11.21,0.084,2.0,2457796.1845,0.0024,4.1117771,5.1E-06,arXiv:1903.06622,0.871,1.47,0.028740759571721000,14344979,12.3353,41.522930678891700,0.784,0.502,0.04632,3.12561787591078E-09,4.1117771
370,WASP-190,"TESS-SPOC, SPOC","1800, 120", TEP  ,0.0,30.0,50.23,-40.0,34.0,24.4,11.65,10.65,0.186,0.6,2457799.1256,0.0007,5.367753,4E-06,arXiv:1811.05742,1.6,1.15,0.0052126143774414,116156517,11.3151,36.7539106506011,1.35,1.0,0.0663,1.25892166913041E-08,5.367753
371,WASP-192,"QLP, SPOC","1800, 120", TEP  ,14.0,54.0,38.09,-38.0,44.0,40.3,12.7,11.14,0.0964,0.9,2457271.3331,0.0017,2.8786765,2.8E-06,arXiv:1907.11667,1.32,1.23,0.00876117272856405,160578764,12.1014,23.557340753242900,1.09,2.3,0.0408,1.55299617037895E-07,2.8786765
373,XO-1,"QLP, SPOC","1800, 120", TEP  ,16.0,2.0,11.84,28.0,10.0,10.4,11.14,9.53,0.1238,1.9,2455314.572766,4.9E-05,3.94150514,2E-07,2018MNRAS.481.4261S,0.93,1.199,0.0167715171744739,236312126,10.5484,151.974920205152,1.018,0.907,0.04914,4.49157542749094E-09,3.94150514
,WASP-047b,,, TEP  ,22,4,48.72,-12,1,7.8,11.93,10.19,0.14933,1.3,2457007.932131,0.000023,4.1591287,0.0000049,2015ApJ...812L..18B,,,,,,,,,,,
1,CoRoT-02,,, TEP  ,19.0,27.0,6.5,1.0,23.0,1.4,12.57,10.31,0.09446,3.2,2455628.44758,0.00014,1.74299673,3.1E-07,2015MNRAS.450.3101B,0.901,1.46,0.0264945173127404,391958006,11.6659,111.232488577109,0.997,3.57,0.02835,2.4106374694044E-07,1.74299673
3,CoRoT-06,,, TEP  ,18.0,44.0,17.4,6.0,39.0,47.4,13.91,12.12,0.17,1.5,2454826.66625,0.00054,8.886621,6.3E-06,arXiv:2005.01684,1.043,1.185,0.0130247071106031,130502317,13.2491,22.6704789720778,1.054,2.96,0.0855,1.57522383582306E-09,8.886621
4,CoRoT-10,,, TEP  ,19.0,24.0,15.29,0.0,44.0,46.1,15.22,11.78,0.124,1.4,2454273.3436,0.0012,13.2406,0.0002,2010A+A...520A..65B,0.743,0.941,0.0161845825278236,405010127,13.8215,11.556596598895200,0.904,2.78,0.106,1.0804167636535E-10,13.2406
5,CoRoT-11,,, TEP  ,18.0,42.0,44.95,5.0,56.0,15.7,12.8,11.25,0.104,1.2,2454690.49838,0.00016,2.994325,2.1E-05,2012A+A...543L...5G,1.374,1.426,0.0108683963453585,110178537,12.419,26.1297628851345,1.26,2.34,0.044000000000000000,1.14502718993674E-07,2.994325
6,CoRoT-14,,, TEP  ,6.0,53.0,41.8,-5.0,32.0,9.7,16.03,13.81,0.0693,0.75,2454787.6694,0.0053,1.51214,0.00013,2011A+A...528A..97T,1.19,1.018,0.007384167089619380,282706928,15.2135,1.42904408765125,1.125,7.67,0.02687,2.411790179411E-06,1.51214
7,CoRoT-09,,, TEP  ,18.0,43.0,8.81,6.0,12.0,15.2,13.69,11.69,0.337,1.6,2455365.52723,0.00037,95.272656,6.8E-05,2017A+A...603A..43B,0.96,1.066,0.0124414736893338,130162252,12.9497,42.6565948030149,0.96,0.84,0.4021,1.40926951940464E-13,95.272656
17,HAT-P-08,,, TEP  ,22.0,52.0,9.86,35.0,26.0,49.6,10.3,8.95,0.1587,0.7,2454437.6742,0.0014,3.0763458,2.4E-06,2013A+A...551A..11M,1.475,1.321,0.00809322243530135,188876052,9.7758,98.0070186173993,1.192,1.275,0.0439,9.50980552758064E-08,3.0763458
21,HAT-P-13,,, TEP  ,8.0,39.0,31.81,47.0,21.0,7.3,10.62,8.97,0.1345,0.8,2455176.53893,0.00022,2.9162433,1.2E-06,2016PASP..128b4402S,1.756,1.487,0.00723557077709568,20096620,9.9596,93.28697450739660,1.32,0.906,0.04383,1.47102372496841E-07,2.9162433
23,HAT-P-15,,, TEP  ,4.0,24.0,59.52,39.0,27.0,38.2,12.16,9.64,0.2285,1.3,2454638.56019,0.00048,10.863502,3.7E-05,2010ApJ...724..866K,1.08,1.072,0.00994127166474623,353459965,11.0878,101.871454010557,1.013,1.946,0.0964,7.03991158157519E-10,10.863502
28,HAT-P-20,,, TEP  ,7.0,27.0,39.96,24.0,20.0,11.0,11.34,8.6,0.077,1.9,2456670.97803,0.0001,2.875317,4E-07,arXiv:2012.07478,0.68,1.025,0.0229260791556282,26826078,10.2832,139.793223952212,0.748,7.22,0.03593,4.86624850535608E-08,2.875317
31,HAT-P-23,,, TEP  ,20.0,24.0,29.99,16.0,45.0,43.7,12.43,10.79,0.0908,1.8,2456129.43472,9E-05,1.21288641,7E-08,arXiv:2002.02606,1.089,1.224,0.0127469698408579,305243225,11.734000000000000,58.6364679855457,1.104,2.07,0.02302,9.22389351247937E-07,1.21288641
34,HAT-P-26,,, TEP  ,14.0,12.0,37.54,4.0,3.0,36.1,11.74,9.58,0.1023,0.6,2455304.65218,0.00025,4.23450236,3E-08,arXiv:1904.06360,0.788,0.565,0.00518733556176161,420779000,10.9016,35.2930882796997,0.816,0.059,0.0479,1.80890425104816E-10,4.23450236
35,HAT-P-27,,, TEP  ,14.0,51.0,4.19,5.0,56.0,50.5,12.16,10.11,0.0705,1.5,2455186.01991,0.00044,3.0395803,1.5E-06,2015MNRAS.451.4060S,0.898,1.038,0.0134816148511292,461239485,11.4063,53.356936513132,0.945,0.66,0.0403,7.96652247656911E-09,3.0395803
36,HAT-P-28,,, TEP  ,0.0,52.0,0.18,34.0,43.0,42.3,13.03,11.1,0.1341,1.5,2457713.934,0.0005,3.2572124,1.2E-06,arXiv:2012.07478,1.103,1.212,0.0121829958689768,53728859,12.3396,39.229200280402300,1.025,0.626,0.0434,1.34455814711515E-08,3.2572124
45,HAT-P-37,,, TEP  ,18.0,57.0,11.05,51.0,16.0,8.8,13.23,11.67,0.0971,2.1,2457303.82448,0.00024,2.7974418,7E-07,arXiv:2012.07478,0.877,1.178,0.0182050248606021,267572272,12.7678,34.366821746894400,0.929,1.169,0.0379,1.73340849371667E-08,2.7974418
47,HAT-P-39,,, TEP  ,7.0,35.0,1.97,17.0,49.0,48.3,12.42,11.16,0.1745,1.1,2455208.75049,0.00041,3.54387,5E-06,2012AJ....144..139H,1.625,1.571,0.009430734567877870,14770122,11.8887,44.7841586699455,1.404,0.599,0.0509,2.93790559028647E-08,3.54387
49,HAT-P-41,,, TEP  ,19.0,49.0,17.4,4.0,40.0,20.7,11.36,9.73,0.1704,0.8,2456600.29325,0.0005,2.69404861,9.2E-07,arXiv:2003.00536,1.683,1.685,0.0101141982168554,398895470,10.5523,74.9006063270894,1.418,0.8,0.0426,1.12742210757859E-07,2.69404861
53,HAT-P-45,,, TEP  ,18.0,17.0,29.4,-3.0,22.0,51.7,12.79,10.2,0.1436,1.5,2456502.84809,0.00033,3.1289923,1.4E-06,arXiv:1812.05882,1.319,1.426,0.0117936800623132,167227214,11.6961,63.015573416886,1.259,0.892,0.0452,3.11294275287162E-08,3.1289923
54,HAT-P-46,,, TEP  ,18.0,1.0,46.56,-2.0,58.0,15.4,11.94,9.93,0.1291,1.0,2455969.12547,0.00044,4.4631365,5E-06,arXiv:1812.05882,1.396,1.284,0.0085360921158488,104866616,11.1323,57.2864376382624,1.284,0.493,0.0577,6.6089144074044E-09,4.4631365
62,HAT-P-54,,, TEP  ,6.0,39.0,35.53,25.0,28.0,57.1,13.51,10.33,0.07488,2.7,2457811.6454,0.0004,3.7998518,1.1E-06,2015AJ....149..149B,0.617,0.944,0.0236196546131882,284326455,12.2341,56.813778259712700,0.645,0.76,0.04117,1.84959042698005E-09,3.7998518
64,HAT-P-56,,, TEP  ,6.0,43.0,23.53,27.0,15.0,8.2,10.91,9.83,0.09463,1.0,2457404.8183,0.0004,2.7908233,1.1E-06,arXiv:2012.07478,1.428,1.466,0.01063436121708,84339983,10.5136,71.3762813021779,1.296,2.18,0.0423,1.53140795423174E-07,2.7908233
65,HAT-P-57,,, TEP  ,18.0,18.0,58.32,10.0,35.0,50.3,10.47,9.43,0.14578,1.0,2455113.48127,0.00048,2.465295,3.2E-06,2015AJ....150..197H,1.5,1.413,0.00895368245121,317520667,10.1154,111.328272620235,1.47,0.0,0.0406,0.0,2.465295
66,HAT-P-58,,, TEP  ,4.0,35.0,23.18,56.0,52.0,5.6,12.97,10.98,0.1729,0.8,2457369.03094,0.00056,4.0138379,2.4E-06,arXiv:2007.05528,1.53,1.332,0.007647605382698960,9443323,12.1957,26.272548024093200,1.031,0.372,0.04994,2.02208284504643E-08,4.0138379
68,HAT-P-60,,, TEP  ,1.0,53.0,7.77,52.0,3.0,14.0,9.71,8.37,0.2098,0.8,2458360.94029,0.00056,4.7947813,2.4E-06,arXiv:2007.05528,2.197,1.631,0.00556093335630279,354469661,9.17925,175.608482253565,1.435,0.574,0.06277,4.36264463905534E-08,4.7947813
69,HAT-P-61,,, TEP  ,5.0,1.0,55.26,50.0,7.0,52.6,13.19,11.14,0.0691,1.0,2457851.21119,0.00047,1.90231289,7.7E-07,arXiv:2007.05528,0.938,0.899,0.00926858823916797,259506033,12.3824,18.215045890044,1.004,1.057,0.0301,6.42426126227883E-08,1.90231289
70,HAT-P-62,,, TEP  ,4.0,58.0,1.03,48.0,18.0,3.8,12.22,10.7,0.1293,0.9,2457118.38979,0.00044,2.6453235,3.9E-06,arXiv:2007.05528,1.17,1.073,0.00848648020609431,453064665,11.8889,31.536766100423700,1.023,0.761,0.03772,4.43486207339106E-08,2.6453235
71,HAT-P-63,,, TEP  ,17.0,58.0,17.31,5.0,45.0,40.9,13.75,11.51,0.1222,1.4,2456382.94256,0.00053,3.377728,1.3E-05,arXiv:2007.05528,0.966,1.119,0.0135395990087429,325670253,12.8999,23.321520008539,0.925,0.614,0.04294,7.94149517003404E-09,3.377728
72,HAT-P-64,,, TEP  ,4.0,35.0,53.85,2.0,25.0,52.6,12.77,11.12,0.2052,1.0,2457751.46354,0.00063,4.007232,1.7E-06,arXiv:2007.05528,1.735,1.703,0.00972143148845103,455036659,12.1569,36.7527770667989,1.298,0.58,0.05387,3.2152594631908E-08,4.007232
73,HAT-P-65,,, TEP  ,21.0,3.0,37.44,11.0,59.0,21.9,13.15,11.53,0.1819,1.3,2456409.33263,0.00046,2.6054552,3.1E-06,2016AJ....152..182H,1.86,1.89,0.0104183178258325,283419843,12.5375,34.4036281224225,1.212,0.527,0.03951,2.08755426789077E-07,2.6054552
85,HATS-09,,, TEP  ,19.0,23.0,14.28,-20.0,9.0,58.7,13.28,11.48,0.14618,0.7,2457380.70247,3.6E-05,1.915311,9.4E-07,arXiv:1706.03858,1.503,1.1724,0.00613950758897216,12611594,12.5866,16.0312707024124,1.03,0.816,0.03048,4.79593435239512E-07,1.915311
86,HATS-10,,, TEP  ,19.0,37.0,13.8,-22.0,12.0,16.1,13.11,11.51,0.1253,1.2,2456457.88193,0.00022,3.312846,5.8E-06,2015AJ....150...33B,1.105,0.969,0.007759306017159770,126325985,12.5192,26.705054424769800,1.101,0.526,0.04491,8.94529662085833E-09,3.312846
87,HATS-11,,, TEP  ,19.0,17.0,36.24,-22.0,23.0,23.7,14.02,12.24,0.18202,1.5,2457378.4191,6.9E-05,3.6191634,3.1E-06,arXiv:1706.03858,1.444,1.487,0.0107000900525062,11439959,13.3735,21.324513295884100,1.0,0.83,0.04614,5.17399868188249E-08,3.6191634
88,HATS-12,,, TEP  ,19.0,16.0,48.72,-19.0,21.0,21.2,12.76,11.39,0.18849,0.5,2457364.66541,0.00012,3.1428347,1.1E-05,arXiv:1706.03858,2.21,1.384,0.00395719557745337,11270200,12.2994,15.9473064080019,1.489,2.39,0.04795,6.93141210098947E-07,3.1428347000000000
91,HATS-15,,, TEP  ,20.0,44.0,22.2,-19.0,26.0,15.0,14.77,12.72,0.1175,1.9,2456387.21161,0.00015,1.74748753,9.4E-07,2016PASP..128g4401C,0.922,1.105,0.0144931436276444,271898990,14.0739,12.452077594781200,0.871,2.17,0.02712,2.34935131239374E-07,1.74748753
107,HATS-31,,, TEP  ,12.0,46.0,48.72,-24.0,25.0,38.5,13.11,11.57,0.1914,1.0,2456960.1476,0.0011,3.37796,1.2E-05,2016AJ....152..161D,1.87,1.64,0.007760762001773,9385460,12.5329,27.2362431209686,1.275,0.88,0.0478,1.31323135388844E-07,3.37796
110,HATS-34,,, TEP  ,0.0,3.0,5.88,-62.0,28.0,9.6,13.85,12.1,0.0648,1.6,2457346.74007,0.00046,2.1061619,1.3E-06,2021MNRAS.501.5393L,0.9381,1.282,0.0188441980778509,355703913,13.183,15.6994065640767,0.952,0.951,0.03165,4.7448324667932E-08,2.1061619
112,HATS-36,,, TEP  ,19.0,25.0,54.84,-23.0,12.0,10.0,14.39,12.81,0.14301,1.4,2457360.39033,8.5E-05,4.1752387,2.2E-06,2018AJ....155..119B,1.155,1.235,0.0115363873301194,119262291,13.7805,12.8237109343838,1.222,3.216,0.05425,2.39032112037029E-08,4.1752387
113,HATS-37,,, TEP  ,13.0,19.0,12.46,-22.0,59.0,12.7,12.27,9.95,0.1214,0.8,2458006.80145,0.0005,4.3315366,4.1E-06,arXiv:2007.07135,0.877,0.606,0.00481776867767306,6036597,11.3876,37.7945838550484,0.843,0.099,0.04913,4.41948813463798E-10,4.3315366
125,HATS-50,,, TEP  ,20.0,1.0,42.6,-26.0,4.0,39.3,14.03,12.29,0.1283,1.3,2456870.34792,0.00068,3.8297015,4.6E-06,2018AJ....155...79H,1.117,1.13,0.0103264351711444,301031110,13.4041,15.154129885046700,1.168,0.39,0.05046,3.68511974982089E-09,3.8297015
129,HATS-54,,, TEP  ,13.0,22.0,32.37,-44.0,41.0,19.7,13.91,12.17,0.1042,0.9,2457780.01102,0.00089,2.5441828,4.3E-06,arXiv:1812.07668,1.317,1.067,0.00662303684487045,363851359,13.2755,10.4368181395872,1.097,0.76,0.03763,7.55379081802773E-08,2.5441828
133,HATS-58,,, TEP  ,12.0,27.0,8.97,-48.0,58.0,42.2,11.55,10.29,0.1325,0.7,2457463.2999,0.0017,4.2180896,8.9E-06,arXiv:1812.07668,1.433,1.095,0.005891633728041640,21113347,11.4007,34.259169428444100,1.461,1.03,0.05798,1.34997930784122E-08,4.218089600000000
137,HATS-62,,, TEP  ,20.0,49.0,47.83,-24.0,18.0,12.5,14.02,12.11,0.1144,1.8,2455772.00565,0.00036,3.2768838,2.3E-06,arXiv:1809.01048,0.923,1.032,0.0126140885301005,336732544,13.3102,21.298177463603500,0.9113,0.0,0.04186,0.0,3.2768838
140,HATS-65,,, TEP  ,19.0,31.0,45.55,-26.0,44.0,24.7,12.5,11.1,0.1193,1.7,2457418.49101,0.00038,3.1051602,1.4E-06,arXiv:1809.01048,1.296,1.479,0.0131409337889151,169504920,11.9801,53.7886943024241,1.269,0.793,0.04511,2.53964283510223E-08,3.1051602000000000
141,HATS-67,,, TEP  ,12.0,0.0,50.12,-46.0,8.0,11.1,13.65,12.33,0.0807,1.5,2457787.22633,0.00047,1.6091789,4.2E-06,arXiv:1809.01048,1.441,1.694,0.013944364692617000,272212970,13.174000000000000,16.5373817167591,1.441,1.477,0.03036,5.1265805863006E-07,1.6091789
147,HD_003167c,,, TEP  ,0.0,34.0,57.52,4.0,22.0,53.3,8.94,7.07,0.215,0.1,2457394.9787,0.0012,29.8454,0.0012,2017AJ....154..122C,0.88,0.269,0.000942842385204674,318707987,8.2491,34.4289176897328,0.837,0.0308,0.1795,2.16379723157133E-13,29.8454
150,HD_189733,,, TEP  ,20.0,0.0,43.71,22.0,42.0,39.1,7.68,5.54,0.07529,2.6,2453955.525551,9E-06,2.2185752,7E-08,2015MNRAS.450.3101B,0.752,1.151,0.0236382242428038,256364928,6.8481,922.164530634776,0.84,1.15,0.03142,2.23242593809636E-08,2.2185752
153,KELT-04,,, TEP  ,10.0,28.0,15.01,25.0,34.0,23.5,9.98,8.69,0.1443,1.3,2456193.29157,0.00021,2.9895936,4.8E-06,2016AJ....151...45E,1.603,1.699,0.0113349496466982,165297570,9.6022,190.39991932673200,1.201,0.902,0.04317,1.10083215006445E-07,2.9895936
158,KELT-10,,, TEP  ,18.0,58.0,11.6,-47.0,0.0,11.7,10.7,9.34,0.156,1.4,2457066.72045,0.00027,4.1662739,6.3E-06,2016MNRAS.459.4281K,1.209,1.399,0.0135108511523393,269217040,10.2748,147.320143135741,1.112,0.679,0.0525,8.21107805219251E-09,4.1662739
162,KELT-17,,, TEP  ,8.0,22.0,28.21,13.0,44.0,7.2,9.29,8.65,0.1448,1.0,2457226.14219,0.00033,3.0801718,5.3E-06,2016AJ....152..136Z,1.645,1.525,0.00867177028632866,6893917,9.02097,197.24311501135400,1.635,1.31,0.04881,7.23334563832281E-08,3.0801718
175,NGTS-03,,, TEP  ,6.0,17.0,46.75,-35.0,42.0,22.0,14.64,12.81,0.09594,2.0,2457620.1679,0.00095,1.6753728,3E-06,arXiv:1805.01378,0.93,1.48,0.0255539132338999,124778445,13.9819,12.763554690499300,1.017,2.38,0.0233,4.92256373512895E-07,1.6753728
176,NGTS-08,,, TEP  ,21.0,55.0,54.19,-14.0,4.0,6.2,13.68,11.64,0.109,1.5,2457500.1783,0.00073,2.4997,1E-05,arXiv:1911.02814,0.98,1.09,0.012482475625,102068384,12.9376,22.9487946692566,0.89,0.93,0.035,3.73407730520163E-08,2.4997
178,NGTS-10,,, TEP  ,6.0,7.0,29.35,-25.0,35.0,41.6,14.34,11.73,0.0455,2.1,2457518.84377,0.00017,0.7668944,3E-07,arXiv:1909.12424,0.697,1.205,0.0301584085207612,37348844,13.605,12.4660305054236,0.696,2.162,0.0143,1.77431350968538E-06,0.7668944000000000
180,NGTS-12,,, TEP  ,11.0,44.0,59.99,-35.0,38.0,26.0,12.38,10.59,0.244,0.5,2458572.8549,0.0017,7.532806,4.8E-05,arXiv:2009.10620,1.589,1.048,0.00438909168507054,157230659,11.6634,27.9794956200447,1.021,0.208,0.0757,1.72376432189401E-09,7.532806
181,NGTS-06,,, TEP  ,5.0,3.0,10.9,-30.0,23.0,57.6,14.09,11.65,0.035,2.2,2457982.3785,0.0003,0.882058,1E-06,arXiv:1904.07997,0.656,1.27,0.0378180947265625,1528696,13.1686,16.0388093451088,0.788,1.33,0.01662,3.35729674375432E-07,0.882058
182,OGLE-TR-113,,, TEP  ,10.0,52.0,24.4,-61.0,26.0,48.5,15.0,13.0,0.1117,2.7,2453464.61708,0.00014,1.4324745,1E-08,2016MNRAS.455.1334H,0.766,1.088,0.0203563605112858,915110182,14.7028,10.1987131466469,0.755,1.23,0.02265,1.49644645698412E-07,1.4324745
183,OGLE-TR-056,,, TEP  ,17.0,56.0,35.51,-29.0,32.0,21.2,16.6,-1.0,0.0916,1.0,2453936.60063,0.00014,1.21191123,1.6E-07,arXiv:2002.02606,1.737,1.734,0.0100553787037087,1425441246,15.4172,1.82530949050861,1.339,1.41,0.02453,3.89269245183368E-06,1.21191123
186,Qatar-2,,, TEP  ,13.0,50.0,37.4,-6.0,48.0,14.4,13.49,10.62,0.07541,3.2,2457250.200816,8E-06,1.33711677,1E-07,2017MNRAS.471..394M,0.7033,1.115,0.0253611172627381,2521105,12.3164,63.790293211816,0.727,2.466,0.02136,2.7255597857137E-07,1.33711677
187,Qatar-3,,, TEP  ,23.0,56.0,36.48,36.0,12.0,46.6,12.88,11.22,0.1296,0.9,2457312.48458,0.0001,2.5078952,3.2E-06,arXiv:1812.05882,1.272,1.096,0.00749112023743127,291751373,12.355,22.8895177848118,1.145,4.31,0.03783,3.35912248286907E-07,2.5078952
190,Qatar-6,,, TEP  ,14.0,48.0,50.48,22.0,9.0,9.1,11.44,9.23,0.0662,1.8,2457784.0327,0.00049,3.506195,1.8E-05,2018AJ....155...52A,0.722,1.062,0.0218310447825178,311133118,10.5319,106.310160824904,0.822,0.668,0.0423,2.44449414861339E-09,3.5061950000000000
200,WASP-002,,, TEP  ,20.0,30.0,54.13,6.0,25.0,46.4,11.98,9.63,0.07372,2.0,2453991.515553,7.4E-05,2.15222114,1E-08,arXiv:1708.07909,0.821,1.06,0.0168199731603864,374530847,10.9984,94.0989279921114,0.843,0.892,0.0308,2.9566484475974E-08,2.15222114
202,WASP-004,,, TEP  ,23.0,34.0,15.06,-42.0,3.0,41.1,12.46,10.75,0.08994,2.9,2456505.748953,2E-05,1.33823142,2E-08,arXiv:1907.08269,0.91,1.364,0.0226697034059172,402026209,11.8295,88.2094114765407,0.927,1.249,0.02318,2.60869144417051E-07,1.33823142
207,WASP-010,,, TEP  ,23.0,15.0,58.3,31.0,27.0,46.3,12.39,9.98,0.09318,2.9,2454664.03804,6E-05,3.0927295,3E-07,2016PASP..128b4402S,0.678,1.039,0.0236958116728068,431701493,11.5189,110.254166963368,0.73,3.14,0.0378,1.65804557619892E-08,3.0927295
211,WASP-014,,, TEP  ,14.0,33.0,6.35,21.0,53.0,41.0,9.75,8.62,0.1275,1.2,2456034.21261,0.00015,2.24376524,4.4E-07,2015ApJ...811..122W,1.318,1.24,0.00893125382183425,347430350,9.32423,190.841231509487,1.3,7.59,0.037,6.95291724993177E-07,2.24376524
218,WASP-021,,, TEP  ,23.0,9.0,58.23,18.0,23.0,46.0,11.59,9.98,0.1426,1.4,2454743.04217,0.00065,4.3225126,2.2E-06,2015MNRAS.451.4060S,1.136,1.162,0.0105573635132616,436478932,10.9644,93.5524554829656,0.89,0.276,0.0499,3.93738797228837E-09,4.3225126
221,WASP-024,,, TEP  ,15.0,8.0,51.74,2.0,20.0,35.8,11.23,10.15,0.11364,1.1,2454945.589444,9E-05,2.34122187,3E-07,arXiv:1708.07909,1.317,1.303,0.00987682056001653,460396820,11.0062,63.94798692298510,1.168,1.109,0.03635,1.23082329801243E-07,2.34122187
224,WASP-028,,, TEP  ,23.0,34.0,27.87,-1.0,34.0,48.1,12.15,10.73,0.13495,1.1,2457642.502126,1.4E-05,3.40883495,1.5E-07,arXiv:1710.08892,1.083,1.219,0.0127835177899209,398572544,11.6238,46.9885643411169,0.993,0.889,0.0442,1.641661657557E-08,3.40883495
227,WASP-032,,, TEP  ,0.0,15.0,50.81,1.0,12.0,1.5,11.56,10.16,0.101,1.3,2456379.8909,0.0004,2.7186643,1.1E-06,arXiv:2012.07478,1.11,1.18,0.0114029688832075,427332229,11.021000000000000,70.598550039473,1.1,3.6,0.0394,1.20599027730664E-07,2.7186643000000000
232,WASP-037,,, TEP  ,14.0,47.0,46.57,1.0,3.0,53.9,12.72,11.09,0.1304,1.9,2456393.97698,0.00052,3.5774807,1.9E-06,arXiv:1812.05882,1.003,1.16,0.0134962773533835,368805700,12.1159,57.2660956758967,0.925,1.8,0.0446,2.32413499514156E-08,3.5774807
233,WASP-038,,, TEP  ,16.0,15.0,50.36,10.0,1.0,57.3,9.45,8.0,0.1942,0.8,2455335.9205,0.00074,6.871815,4.4E-05,2011A+A...525A..54B,1.331,1.094,0.006816766455848830,318696424,8.836210000000000,199.852765285365,1.203,2.691,0.07522,8.05697300407871E-09,6.871815
234,WASP-039,,, TEP  ,14.0,29.0,18.42,-3.0,26.0,40.1,12.1,10.2,0.1168,2.5,2455342.9696,0.00014,4.05528047,7E-07,2016ApJ...827...19F,0.939,1.279,0.0187201699265442,181949561,11.3763,116.692886944999,0.913,0.281,0.04828,1.77839161774687E-09,4.05528047
244,WASP-052,,, TEP  ,23.0,13.0,58.76,8.0,45.0,40.6,12.2,10.09,0.0754,2.7,2456862.79776,0.00016,1.74978119,5.2E-07,2017MNRAS.465..843M,0.786,1.253,0.0256422973551504,427685831,11.3819,100.895182244785,0.804,0.434,0.02643,2.60711868037152E-08,1.74978119
249,WASP-057,,, TEP  ,14.0,55.0,16.84,-2.0,3.0,27.5,13.04,11.24,0.096,1.8,2456058.5491,0.00016,2.83891856,8.1E-07,2015MNRAS.454.3094S,0.927,1.05,0.0129455054539647,175772482,12.2688,41.8591486484991,0.886,0.644,0.03769,1.35837704869457E-08,2.83891856
251,WASP-059,,, TEP  ,23.0,18.0,29.54,24.0,53.0,21.4,13.0,9.72,0.102,2.0,2455830.95559,0.00053,7.919585,1E-05,2013A+A...549A.134H,0.613,0.775,0.0161280677133092,91051152,11.5549,77.7080060934942,0.719,0.863,0.0697,1.31135595738804E-10,7.919585
252,WASP-060,,, TEP  ,23.0,46.0,39.98,31.0,9.0,21.4,12.18,10.59,0.139,0.9,2456952.43264,0.00017,4.305004,5.9E-06,2018A+A...613A..41M,1.401,1.225,0.007714286943282840,288246496,11.5639,40.5816722368243,1.229,0.56,0.05544,9.75014150361336E-09,4.305004
259,WASP-067,,, TEP  ,19.0,42.0,58.51,-19.0,56.0,58.4,12.54,10.13,0.079,1.5,2456548.83747,0.0002,4.6144172,1.3E-06,arXiv:2012.07478,0.817,1.091,0.0179930700309705,68952448,11.355,58.374179032435000,0.829,0.406,0.051,1.07283049886635E-09,4.6144172
260,WASP-068,,, TEP  ,20.0,20.0,22.98,-19.0,18.0,52.9,10.68,8.95,0.214,0.8,2456064.86356,0.00061,5.084298,1.5E-05,2014A+A...563A.143D,1.69,1.24,0.00543212610342775,71841620,9.9543,118.01422273757100,1.24,0.95,0.06206,2.38219217133378E-08,5.084298
261,WASP-069,,, TEP  ,21.0,0.0,6.19,-5.0,5.0,40.1,9.87,7.46,0.0929,2.0,2455748.83408,0.00017,3.86814098,4E-07,arXiv:1911.08331,0.813,1.057,0.017055669256686,248853232,8.8628,341.190565131798,0.826,0.26,0.04525,1.22363901861361E-09,3.86814098
262,WASP-070,,, TEP  ,21.0,1.0,54.48,-13.0,25.0,59.8,10.79,9.58,0.1389,1.0,2455736.50348,0.00027,3.7130203,4.7E-06,2014MNRAS.445.1114A,1.251,1.186,0.009068900579418160,442530946,10.5959,82.38189063177610,1.111,0.592,0.0486,1.25029661692962E-08,3.7130203
266,WASP-074,,, TEP  ,20.0,18.0,9.32,-1.0,4.0,32.6,9.76,8.22,0.0955,0.8,2457173.87198,0.00018,2.13774453,7.7E-07,arXiv:1903.02800,1.536,1.404,0.00843046765274048,244089109,9.13055,121.39482323257,1.191,0.826,0.03443,2.54471679954735E-07,2.13774453
267,WASP-075,,, TEP  ,22.0,49.0,32.57,-10.0,40.0,32.0,11.45,10.06,0.08097,0.9,2457007.46252,5E-05,2.4841993,1.7E-06,arXiv:2012.07478,1.27,1.31,0.0107358153079856,36592530,10.931,46.257824227531400,1.16,1.08,0.0377,8.38644351308801E-08,2.4841993
271,WASP-079,,, TEP  ,4.0,25.0,29.02,-30.0,36.0,1.5,10.04,9.06,0.1661,1.3,2455545.23874,0.00037,3.66239264,5.6E-07,arXiv:1911.02051,1.51,1.53,0.0103592627657778,170634116,9.6757,196.468438050097,1.39,0.86,0.0519,2.67813092446361E-08,3.66239264
272,WASP-080,,, TEP  ,20.0,12.0,40.18,-2.0,8.0,39.2,11.87,8.35,0.08878,3.5,2456487.425006,2.4E-05,3.06785234,8.1E-07,2015MNRAS.450.2279T,0.593,0.986,0.0278961535783978,243921117,10.3622,264.247403858307,0.596,0.562,0.03479,2.81703073295897E-09,3.06785234
273,WASP-081,,, TEP  ,20.0,16.0,49.89,3.0,17.0,38.7,12.29,10.89,0.14501,1.4,2456195.57462,0.0002,2.7164762,2.3E-06,2017MNRAS.467.1714T,1.283,1.429,0.0125173105483984,399402994,11.8886,51.962537085232600,1.08,0.729,0.03908,5.34520647214552E-08,2.7164762
277,WASP-085,,, TEP  ,11.0,43.0,38.01,6.0,33.0,49.4,10.41,8.73,0.1118,1.3,2456847.472856,1.4E-05,2.6556777,4.4E-07,2016AJ....151..150M,0.935,1.24,0.0177467990094083,380619414,10.15,124.301255307687,1.09,1.265,0.039,1.90853115115773E-08,2.6556777
280,WASP-089,,, TEP  ,20.0,55.0,35.98,-18.0,58.0,16.1,13.09,11.0,0.1025,1.9,2456207.02114,0.00012,3.3564227,2.5E-06,2015AJ....150...18H,0.88,1.04,0.0140929274586777,77202722,12.4035,41.526331430103200,0.92,5.9,0.0427,4.95037816038846E-08,3.3564227
281,WASP-090,,, TEP  ,21.0,2.0,7.7,7.0,3.0,23.7,11.69,10.25,0.1398,0.6,2456235.5639,0.0005,3.916243,3E-06,2016A+A...585A.126W,1.98,1.63,0.00683824584793643,459730973,11.07,37.1865877942667,1.55,0.63,0.0562,4.58092763073032E-08,3.916243
293,WASP-102,,, TEP  ,22.0,25.0,51.45,15.0,51.0,24.3,12.73,11.11,0.1459,0.9,2456510.5872,0.0002,2.709813,5E-06,arXiv:1608.04225,1.331,1.259,0.0090280765205954,51637609,12.1088,28.833754755313900,1.167,0.624,0.0401,4.47282960747137E-08,2.709813
294,WASP-103,,, TEP  ,16.0,37.0,15.59,7.0,11.0,0.0,12.39,10.77,0.11232,1.3,2456836.2963,7E-05,0.92554535,9.4E-07,arXiv:2002.02606,1.413,1.646,0.0136922626147606,276754403,11.7586,46.3351207243354,1.205,1.47,0.01979,4.7001566449423E-06,0.92554535
295,WASP-104,,, TEP  ,10.0,42.0,24.61,7.0,26.0,6.3,11.79,9.88,0.07283,1.5,2457935.070228,1.1E-05,1.75540563,1.1E-06,arXiv:2011.06329,0.935,1.093,0.0137884987576682,393495970,11.0658,67.2764155557936,1.016,1.216,0.0286,9.28042706211443E-08,1.75540563
300,WASP-109,,, TEP  ,15.0,28.0,13.23,-16.0,24.0,38.8,11.44,10.2,0.11856,1.2,2456361.19263,0.00023,3.3190233,4.2E-06,arXiv:1410.3449,1.346,1.443,0.0115969136804127,335255072,10.9903,71.9588993831062,1.203,0.91,0.0463,3.26134179012327E-08,3.3190233
305,WASP-114,,, TEP  ,21.0,50.0,39.74,10.0,27.0,46.9,12.74,11.07,0.1159,1.1,2456667.73661,0.00021,1.54877746,8E-08,arXiv:2002.02606,1.43,1.339,0.00884685605971075,466390120,12.0671,32.3238239663373,1.289,1.769,0.02851,9.04626326485869E-07,1.54877746
307,WASP-118,,, TEP  ,1.0,18.0,12.12,2.0,42.0,10.2,11.02,9.79,0.20464,0.8,2457423.044825,2E-05,4.0460407,2.6E-06,2017MNRAS.469.1622M,1.754,1.394,0.00637332773347839,380907135,10.5559,81.90769447975440,1.319,0.52,0.0545,2.82633858800233E-08,4.0460407
320,WASP-133,,, TEP  ,20.0,58.0,18.07,-35.0,47.0,47.6,12.88,11.18,0.1433,0.9,2457116.9874,0.0002,2.176423,1E-06,2016A+A...591A..55M,1.44,1.21,0.0071243564237316700,92449173,12.2247,26.370470457828000,1.16,1.16,0.0345,2.63037211120412E-07,2.176423
321,WASP-134,,, TEP  ,21.0,50.0,16.77,4.0,11.0,40.3,11.25,9.41,0.2218,0.9,2457201.03099,0.00075,10.1467583,8E-06,arXiv:1812.09264,1.175,0.988,0.00713408103515437,388909695,10.4106,104.436328800949,1.131,1.412,0.0956,7.27063210051282E-10,10.146758300000000
337,WASP-151,,, TEP  ,23.0,16.0,15.22,0.0,18.0,24.5,12.87,11.19,0.15268,1.1,2457763.676241,4E-05,4.5334775,2.3E-06,arXiv:1710.08892,1.181,1.187,0.010192988279872,262662119,12.1796,34.3283545644038,1.081,0.36,0.055,3.15655276596425E-09,4.5334775
340,WASP-157,,, TEP  ,13.0,26.0,37.25,-8.0,19.0,3.2,12.91,10.76,0.0811,0.7,2457257.803194,8.8E-05,3.9516205,4E-06,2016PASP..128l4403M,1.134,1.065,0.008899651256001370,179012583,11.7283,21.632503669489700,1.26,0.574,0.0529,4.28182058787037E-09,3.9516205
341,WASP-158,,, TEP  ,0.0,16.0,35.12,-10.0,58.0,35.1,12.05,10.88,0.149,0.6,2457619.9195,0.001,3.656333,4E-06,arXiv:1803.02224,1.39,1.07,0.00597912781028415,37718056,11.7083,25.4689340435714,1.38,2.79,0.0517,5.8972102103263E-08,3.656333
346,WASP-163,,, TEP  ,17.0,6.0,8.98,-10.0,24.0,47.0,12.54,10.15,0.093,1.6,2457918.462,0.0004,1.6096884,1.5E-06,arXiv:1807.06548,1.015,1.202,0.0141506611980975,145368316,11.6123,57.1687788126174,0.97,1.87,0.0266,3.23811379245742E-07,1.6096884000000000
356,WASP-174,,, TEP  ,13.0,3.0,10.57,-41.0,23.0,5.3,11.79,10.58,0.084,0.8,2458545.5266,0.00014,4.2337005,1.8E-07,arXiv:1909.08674,1.347,1.437,0.0114836045049504,102192004,11.3287,32.6477961970029,1.24,0.33,0.05503,4.8554878911665E-09,4.2337005000000000
358,WASP-176,,, TEP  ,20.0,54.0,44.94,9.0,10.0,44.5,12.01,10.64,0.2147,0.8,2458234.1771,0.0007,3.899052,5E-06,arXiv:2004.06622,1.925,1.505,0.00616753204049587,375942197,11.5352,45.6801830286193,1.345,0.855,0.0535,7.96028827507325E-08,3.899052
359,WASP-177,,, TEP  ,22.0,19.0,11.19,-1.0,50.0,4.7,12.58,-1.0,0.0672,1.9,2457994.3714,0.00028,3.071722,1E-06,arXiv:1903.06622,0.885,1.58,0.0321608497187909,439842788,11.4825,62.813121592714200,0.876,0.508,0.03957,6.73823129502594E-09,3.0717220000000000
362,WASP-181,,, TEP  ,1.0,47.0,10.37,3.0,7.0,59.0,12.91,11.44,0.1277,1.6,2457747.66681,0.00035,4.5195064,3.4E-06,arXiv:1903.06622,0.965,1.184,0.0151896812433515,293457754,12.3553,40.384545830956800,1.04,0.299,0.05427,1.0611469104978E-09,4.519506400000000
366,WASP-185,,, TEP  ,14.0,16.0,14.31,-19.0,32.0,32.2,11.02,9.51,0.192,0.7,2456935.982,0.002,9.38755,2E-05,arXiv:1907.11667,1.5,1.25,0.0070070850694444400,46020827,10.4725,72.90107075113830,1.12,0.98,0.0904,2.28519045845013E-09,9.38755
367,WASP-186,,, TEP  ,1.0,15.0,58.85,21.0,37.0,0.9,10.82,9.53,0.1127,0.61,2456237.1195,0.0009,5.026799,1.3E-05,2020MNRAS.499..428S,1.47,1.11,0.0057532225,411608801,10.3002,53.771728990678200,1.22,4.22,0.06,6.33991226938979E-08,5.026799
368,WASP-187,,, TEP  ,1.0,9.0,53.96,25.0,40.0,54.0,10.3,8.79,0.2425,0.35,2455197.3529,0.0022,5.147878,7E-06,2020MNRAS.499..428S,2.83,1.64,0.00338855631160334,15692883,9.7116,62.699861020235400,1.54,0.8,0.0653,1.64905728910991E-07,5.147878
369,WASP-189,,, TEP  ,15.0,2.0,44.86,-3.0,1.0,52.9,6.64,6.06,0.18057,0.6,2456706.4545,0.0018,2.724033,4.2E-06,arXiv:1809.04897,2.36,1.619,0.00474864357855187,157910432,6.4157,381.21392118144700,2.03,1.99,0.05053,4.5234601456334E-07,2.7240330000000000
372,Wendelstein-1,,, TEP  ,19.0,56.0,12.15,17.0,34.0,11.9,15.55,12.2,0.075,2.8,2455367.738464,1.4E-05,2.663416,1E-06,arXiv:2005.13560,0.61,1.031,0.028824218596083000,75262942,14.1959,13.265746355655500,0.65,0.59,0.0282,8.92570429165122E-09,2.663416
377,XO-5,,, TEP  ,7.0,46.0,51.96,39.0,5.0,40.5,12.13,10.35,0.12987,1.1,2456864.31288,0.00023,4.18775581,5.8E-07,2015AcA....65..117S,1.129,1.142,0.0103239099112691,9155187,11.4556,51.4434251761393,1.038,1.19,0.05148,1.20761036644448E-08,4.18775581